order_id,order_date,customer_id,region,customer_segment,channel,category,product,unit_price,quantity,discount_pct,revenue,cost,profit,gross_margin_pct,customer_rating
ORD-10000,2023-04-13,CUST-869,West,Small Business,Direct Sales,Software,Enterprise Pro,1224.97,3,0.0,3674.91,1800.0,1874.91,51.0,1.0
ORD-10001,2023-12-10,CUST-610,West,Enterprise,Direct Sales,Software,Enterprise Pro,1142.77,1,5.0,1085.63,600.0,485.63,44.7,4.0
ORD-10002,2024-04-20,CUST-415,Central,Enterprise,Online Store,Software,Standard Plus,430.43,4,0.0,1721.71,900.0,821.71,47.7,5.0
ORD-10003,2023-01-14,CUST-665,West,Enterprise,Inside Sales,Software,Standard Plus,461.49,5,0.0,2307.46,1125.0,1182.46,51.2,4.0
ORD-10004,2023-04-16,CUST-437,East,Small Business,Inside Sales,Software,Enterprise Pro,1179.04,5,15.0,5010.92,3000.0,2010.92,40.1,4.0
ORD-10005,2023-02-22,CUST-774,East,Small Business,Direct Sales,Supplies,Accessories Kit,67.05,5,0.0,335.25,162.5,172.75,51.5,5.0
ORD-10006,2024-02-23,CUST-646,West,Mid-Market,Direct Sales,Software,Enterprise Pro,1210.96,5,15.0,5146.56,3000.0,2146.56,41.7,3.0
ORD-10007,2024-04-06,CUST-842,West,Mid-Market,Online Store,Software,Starter Lite,144.12,2,5.0,273.82,150.0,123.82,45.2,1.0
ORD-10008,2023-08-29,CUST-439,South,Consumer,Partner Reseller,Software,Standard Plus,448.04,8,5.0,3405.13,1800.0,1605.13,47.1,3.0
ORD-10009,2023-11-27,CUST-844,South,Mid-Market,Online Store,Software,Enterprise Pro,1500.0,1,0.0,1500.0,660.0,840.0,56.0,5.0
ORD-10010,2023-09-16,CUST-929,North,Mid-Market,Direct Sales,Software,Standard Plus,452.61,3,10.0,1222.06,675.0,547.06,44.8,4.0
ORD-10011,2024-05-11,CUST-835,South,Small Business,Partner Reseller,Software,Standard Plus,450.12,2,0.0,900.24,450.0,450.24,50.0,2.0
ORD-10012,2023-08-13,CUST-851,West,Mid-Market,Online Store,Software,Starter Lite,152.0,6,20.0,729.61,450.0,279.61,38.3,4.0
ORD-10013,2023-05-24,CUST-650,West,Enterprise,Direct Sales,Software,Standard Plus,469.82,5,15.0,1996.75,1125.0,871.75,43.7,4.0
ORD-10014,2023-12-04,CUST-108,West,Small Business,Online Store,Software,Starter Lite,155.96,7,15.0,927.95,525.0,402.95,43.4,5.0
ORD-10015,2023-08-21,CUST-780,South,Consumer,Inside Sales,Software,Starter Lite,149.78,10,5.0,1422.95,750.0,672.95,47.3,
ORD-10016,2023-06-10,CUST-464,North,Enterprise,Inside Sales,Software,Standard Plus,438.48,5,5.0,2082.78,1125.0,957.78,46.0,
ORD-10017,2024-03-13,CUST-319,Central,Mid-Market,Direct Sales,Software,Standard Plus,456.55,4,5.0,1734.88,900.0,834.88,48.1,
ORD-10018,2023-06-07,CUST-422,Central,Mid-Market,Direct Sales,Supplies,Accessories Kit,62.99,5,20.0,251.96,162.5,89.46,35.5,
ORD-10019,2023-05-08,CUST-492,South,Small Business,Partner Reseller,Software,Standard Plus,466.98,4,5.0,1774.53,900.0,874.53,49.3,5.0
ORD-10020,2023-09-03,CUST-875,South,Small Business,Partner Reseller,Software,Standard Plus,455.76,2,0.0,911.51,450.0,461.51,50.6,3.0
ORD-10021,2024-05-26,CUST-953,South,Consumer,Partner Reseller,Software,Enterprise Pro,1500.0,1,0.0,1500.0,660.0,840.0,56.0,4.0
ORD-10022,2023-02-20,CUST-363,East,Mid-Market,Online Store,Software,Starter Lite,150.56,2,15.0,255.95,150.0,105.95,41.4,4.0
ORD-10023,2023-02-22,CUST-840,South,Mid-Market,Online Store,Supplies,Accessories Kit,64.6,8,0.0,516.83,260.0,256.83,49.7,2.0
ORD-10024,2024-04-18,CUST-288,Central,Small Business,Direct Sales,Hardware,Hardware Terminal,886.94,4,0.0,3547.77,1700.0,1847.77,52.1,4.0
ORD-10025,2024-03-22,CUST-849,South,Enterprise,Online Store,Software,Starter Lite,143.19,2,0.0,286.38,150.0,136.38,47.6,1.0
ORD-10026,2024-03-28,CUST-707,East,Mid-Market,Partner Reseller,Software,Enterprise Pro,1141.84,5,0.0,5709.18,3000.0,2709.18,47.5,5.0
ORD-10027,2023-11-21,CUST-706,West,Consumer,Online Store,Software,Starter Lite,145.44,10,0.0,1454.37,750.0,704.37,48.4,2.0
ORD-10028,2023-10-29,CUST-828,North,Small Business,Direct Sales,Software,Enterprise Pro,1252.4,6,10.0,6762.95,3600.0,3162.95,46.8,1.0
ORD-10029,2023-10-04,CUST-979,Central,Mid-Market,Inside Sales,Software,Starter Lite,156.04,10,10.0,1404.34,750.0,654.34,46.6,4.0
ORD-10030,2023-12-08,CUST-817,South,Enterprise,Direct Sales,Software,Enterprise Pro,1500.0,1,15.0,1275.0,660.0,615.0,48.2,4.0
ORD-10031,2024-01-19,CUST-232,East,Enterprise,Direct Sales,Software,Standard Plus,430.09,6,0.0,2580.54,1350.0,1230.54,47.7,4.0
ORD-10032,2023-06-12,CUST-747,Central,Enterprise,Inside Sales,Software,Standard Plus,450.6,7,10.0,2838.78,1575.0,1263.78,44.5,3.0
ORD-10033,2024-05-10,CUST-550,Central,Mid-Market,Partner Reseller,Hardware,Hardware Terminal,884.54,5,20.0,3538.16,2125.0,1413.16,39.9,2.0
ORD-10034,2023-06-22,CUST-157,North,Enterprise,Inside Sales,Software,Standard Plus,451.28,6,10.0,2436.89,1350.0,1086.89,44.6,4.0
ORD-10035,2023-06-22,CUST-612,North,Mid-Market,Partner Reseller,Hardware,Hardware Terminal,825.93,3,15.0,2106.12,1275.0,831.12,39.5,3.0
ORD-10036,2024-01-08,CUST-831,West,Small Business,Partner Reseller,Software,Standard Plus,443.4,6,0.0,2660.41,1350.0,1310.41,49.3,4.0
ORD-10037,2023-02-10,CUST-164,South,Enterprise,Direct Sales,Software,Standard Plus,428.69,11,0.0,4715.55,2475.0,2240.55,47.5,4.0
ORD-10038,2023-05-26,CUST-922,Central,Small Business,Partner Reseller,Software,Enterprise Pro,1156.06,3,0.0,3468.19,1800.0,1668.19,48.1,1.0
ORD-10039,2024-06-01,CUST-899,West,Small Business,Partner Reseller,Software,Starter Lite,145.93,7,5.0,970.43,525.0,445.43,45.9,4.0
ORD-10040,2023-02-03,CUST-677,South,Small Business,Online Store,Software,Enterprise Pro,1190.46,7,5.0,7916.59,4200.0,3716.59,46.9,5.0
ORD-10041,2023-03-16,CUST-205,North,Enterprise,Online Store,Software,Enterprise Pro,1249.26,5,5.0,5933.97,3000.0,2933.97,49.4,3.0
ORD-10042,2023-03-22,CUST-225,Central,Consumer,Online Store,Software,Enterprise Pro,1214.5,1,10.0,1093.05,600.0,493.05,45.1,4.0
ORD-10043,2023-02-12,CUST-150,North,Enterprise,Partner Reseller,Software,Enterprise Pro,1256.77,6,5.0,7163.61,3600.0,3563.61,49.7,4.0
ORD-10044,2024-02-07,CUST-172,West,Mid-Market,Online Store,Software,Standard Plus,450.15,3,0.0,1350.46,675.0,675.46,50.0,4.0
ORD-10045,2023-09-06,CUST-825,East,Mid-Market,Partner Reseller,Software,Starter Lite,145.64,4,,495.18,300.0,195.18,39.4,4.0
ORD-10046,2024-06-09,CUST-982,East,Mid-Market,Direct Sales,Software,Standard Plus,466.52,5,,2332.62,1125.0,1207.62,51.8,4.0
ORD-10047,2023-01-15,CUST-208,North,Enterprise,Partner Reseller,Software,Starter Lite,152.69,4,,610.75,300.0,310.75,50.9,5.0
ORD-10048,2023-05-26,CUST-536,North,Small Business,Inside Sales,Software,Starter Lite,147.46,6,5.0,840.49,450.0,390.49,46.5,5.0
ORD-10049,2023-10-04,CUST-322,North,Enterprise,Partner Reseller,Software,Standard Plus,428.32,3,0.0,1284.96,675.0,609.96,47.5,4.0
ORD-10050,2023-01-06,CUST-239,South,Consumer,Online Store,Supplies,Accessories Kit,63.05,9,20.0,453.94,292.5,161.44,35.6,5.0
ORD-10051,2023-01-01,CUST-418,East,Small Business,Partner Reseller,Software,Standard Plus,458.31,6,15.0,2337.36,1350.0,987.36,42.2,2.0
ORD-10052,2023-11-25,CUST-419,West,Mid-Market,Partner Reseller,Software,Starter Lite,148.19,6,10.0,800.22,450.0,350.22,43.8,5.0
ORD-10053,2023-12-15,CUST-715,North,Mid-Market,Online Store,Hardware,Hardware Terminal,865.55,5,10.0,3894.99,2125.0,1769.99,45.4,4.0
ORD-10054,2024-06-09,CUST-653,Central,Mid-Market,Partner Reseller,Software,Starter Lite,156.6,6,5.0,892.61,450.0,442.61,49.6,4.0
ORD-10055,2024-03-23,CUST-734,North,Mid-Market,Online Store,Hardware,Hardware Terminal,855.94,5,15.0,3637.75,2125.0,1512.75,41.6,5.0
ORD-10056,2023-04-28,CUST-893,West,Small Business,Inside Sales,Software,Enterprise Pro,1211.81,5,5.0,5756.11,3000.0,2756.11,47.9,4.0
ORD-10057,2023-10-10,CUST-317,South,Consumer,Online Store,Software,Enterprise Pro,1500.0,1,0.0,1500.0,660.0,840.0,56.0,4.0
ORD-10058,2023-05-21,CUST-825,North,Mid-Market,Inside Sales,Software,Enterprise Pro,1228.37,8,15.0,8352.94,4800.0,3552.94,42.5,5.0
ORD-10059,2024-02-11,CUST-216,North,Enterprise,Inside Sales,Software,Standard Plus,442.58,5,0.0,2212.92,1125.0,1087.92,49.2,5.0
ORD-10060,2023-09-01,CUST-600,East,Mid-Market,Online Store,Supplies,Accessories Kit,65.5,4,5.0,248.92,130.0,118.92,47.8,3.0
ORD-10061,2023-06-10,CUST-534,South,Small Business,Inside Sales,Software,Starter Lite,147.15,7,0.0,1030.04,525.0,505.04,49.0,4.0
ORD-10062,2023-11-14,CUST-154,North,Enterprise,Online Store,Software,Enterprise Pro,1152.36,7,10.0,7259.85,4200.0,3059.85,42.1,4.0
ORD-10063,2024-04-02,CUST-427,Central,Small Business,Partner Reseller,Software,Starter Lite,145.97,3,0.0,437.9,225.0,212.9,48.6,4.0
ORD-10064,2023-02-23,CUST-834,South,Consumer,Inside Sales,Software,Starter Lite,152.52,5,0.0,762.61,375.0,387.61,50.8,3.0
ORD-10065,2023-01-07,CUST-360,West,Small Business,Inside Sales,Software,Starter Lite,151.35,6,0.0,908.13,450.0,458.13,50.4,3.0
ORD-10066,2023-09-13,CUST-620,East,Mid-Market,Inside Sales,Software,Standard Plus,449.32,5,20.0,1797.26,1125.0,672.26,37.4,4.0
ORD-10067,2023-08-25,CUST-455,South,Small Business,Online Store,Software,Enterprise Pro,1249.72,3,20.0,2999.32,1800.0,1199.32,40.0,2.0
ORD-10068,2023-02-10,CUST-709,South,Small Business,Online Store,Software,Starter Lite,146.5,2,10.0,263.7,150.0,113.7,43.1,5.0
ORD-10069,2023-09-25,CUST-391,West,Small Business,Direct Sales,Software,Standard Plus,460.71,3,5.0,1313.03,675.0,638.03,48.6,2.0
ORD-10070,2024-01-06,CUST-343,North,Mid-Market,Inside Sales,Software,Standard Plus,451.79,7,15.0,2688.17,1575.0,1113.17,41.4,3.0
ORD-10071,2024-05-05,CUST-141,West,Enterprise,Direct Sales,Supplies,Accessories Kit,64.97,2,10.0,116.95,65.0,51.95,44.4,4.0
ORD-10072,2023-01-25,CUST-916,North,Small Business,Inside Sales,Hardware,Hardware Terminal,816.26,1,20.0,653.01,425.0,228.01,34.9,4.0
ORD-10073,2023-01-17,CUST-115,Central,Enterprise,Online Store,Software,Standard Plus,457.65,9,20.0,3295.05,2025.0,1270.05,38.5,1.0
ORD-10074,2024-02-05,CUST-501,North,Consumer,Online Store,Software,Starter Lite,153.68,4,0.0,614.7,300.0,314.7,51.2,2.0
ORD-10075,2024-03-18,CUST-592,West,Small Business,Partner Reseller,Software,Enterprise Pro,1228.54,8,5.0,9336.92,4800.0,4536.92,48.6,4.0
ORD-10076,2024-03-01,CUST-788,Central,Mid-Market,Online Store,Software,Standard Plus,446.46,13,0.0,5803.99,2925.0,2878.99,49.6,5.0
ORD-10077,2023-01-03,CUST-916,East,Consumer,Online Store,Software,Standard Plus,471.95,1,0.0,471.95,225.0,246.95,52.3,4.0
ORD-10078,2023-12-10,CUST-984,North,Small Business,Direct Sales,Supplies,Accessories Kit,67.88,7,0.0,475.14,227.5,247.64,52.1,4.0
ORD-10079,2023-08-31,CUST-244,East,Enterprise,Online Store,Software,Standard Plus,450.69,8,0.0,3605.49,1800.0,1805.49,50.1,4.0
ORD-10080,2023-08-04,CUST-431,Central,Small Business,Direct Sales,Software,Standard Plus,467.49,5,5.0,2220.59,1125.0,1095.59,49.3,5.0
ORD-10081,2023-06-19,CUST-553,West,Small Business,Partner Reseller,Software,Starter Lite,152.94,1,0.0,152.94,75.0,77.94,51.0,1.0
ORD-10082,2023-02-06,CUST-880,North,Enterprise,Direct Sales,Software,Starter Lite,144.86,10,0.0,1448.6,750.0,698.6,48.2,3.0
ORD-10083,2023-12-29,CUST-462,North,Enterprise,Partner Reseller,Supplies,Accessories Kit,67.12,3,10.0,181.22,97.5,83.72,46.2,2.0
ORD-10084,2024-03-12,CUST-459,West,Small Business,Online Store,Software,Enterprise Pro,1179.17,2,10.0,2122.51,1200.0,922.51,43.5,4.0
ORD-10085,2023-08-11,CUST-116,South,Small Business,Inside Sales,Software,Enterprise Pro,1148.14,8,0.0,9185.12,4800.0,4385.12,47.7,4.0
ORD-10086,2024-06-07,CUST-558,North,Mid-Market,Online Store,Software,Starter Lite,154.82,7,0.0,1083.76,525.0,558.76,51.6,4.0
ORD-10087,2024-06-21,CUST-638,North,Consumer,Partner Reseller,Software,Standard Plus,458.12,4,5.0,1740.87,900.0,840.87,48.3,4.0
ORD-10088,2024-01-17,CUST-885,North,Consumer,Inside Sales,Software,Standard Plus,466.57,7,15.0,2776.06,1575.0,1201.06,43.3,5.0
ORD-10089,2023-09-28,CUST-657,East,Enterprise,Direct Sales,Software,Starter Lite,156.31,6,15.0,797.19,450.0,347.19,43.6,4.0
ORD-10090,2024-06-10,CUST-163,East,Enterprise,Inside Sales,Software,Enterprise Pro,1210.83,4,0.0,4843.33,2400.0,2443.33,50.4,4.0
ORD-10091,2023-03-13,CUST-500,East,Mid-Market,Partner Reseller,Software,Starter Lite,149.71,4,5.0,568.89,300.0,268.89,47.3,2.0
ORD-10092,2023-02-15,CUST-202,North,Small Business,Inside Sales,Software,Standard Plus,464.6,5,0.0,2323.02,1125.0,1198.02,51.6,4.0
ORD-10093,2023-07-13,CUST-515,Central,Small Business,Partner Reseller,Software,Enterprise Pro,1252.35,4,0.0,5009.38,2400.0,2609.38,52.1,2.0
ORD-10094,2024-01-05,CUST-111,Central,Small Business,Inside Sales,Supplies,Accessories Kit,66.51,7,0.0,465.54,227.5,238.04,51.1,2.0
ORD-10095,2023-03-28,CUST-972,West,Small Business,Partner Reseller,Software,Standard Plus,437.78,6,20.0,2101.35,1350.0,751.35,35.8,5.0
ORD-10096,2023-02-28,CUST-251,West,Small Business,Direct Sales,Software,Enterprise Pro,1228.24,6,5.0,7000.98,3600.0,3400.98,48.6,5.0
ORD-10097,2024-02-24,CUST-619,North,Small Business,Partner Reseller,Software,Standard Plus,460.49,6,15.0,2348.5,1350.0,998.5,42.5,3.0
ORD-10098,2023-04-10,CUST-330,Central,Mid-Market,Online Store,Software,Enterprise Pro,1188.6,3,5.0,3387.52,1800.0,1587.52,46.9,4.0
ORD-10099,2023-03-25,CUST-402,East,Mid-Market,Direct Sales,Software,Enterprise Pro,1211.85,2,0.0,2423.69,1200.0,1223.69,50.5,4.0
ORD-10100,2023-10-14,CUST-206,North,Enterprise,Online Store,Software,Enterprise Pro,1183.11,5,5.0,5619.77,3000.0,2619.77,46.6,4.0
ORD-10101,2023-07-23,CUST-100,East,Small Business,Inside Sales,Hardware,Hardware Terminal,827.15,4,15.0,2812.3,1700.0,1112.3,39.6,2.0
ORD-10102,2023-04-29,CUST-910,North,Enterprise,Direct Sales,Software,Enterprise Pro,1258.4,1,5.0,1195.48,600.0,595.48,49.8,5.0
ORD-10103,2023-05-06,CUST-991,Central,Consumer,Partner Reseller,Software,Starter Lite,144.65,4,0.0,578.61,300.0,278.61,48.2,5.0
ORD-10104,2024-01-10,CUST-900,North,Small Business,Direct Sales,Software,Enterprise Pro,1251.71,10,5.0,11891.28,6000.0,5891.28,49.5,4.0
ORD-10105,2023-01-01,CUST-709,North,Mid-Market,Direct Sales,Software,Starter Lite,146.83,7,5.0,976.42,525.0,451.42,46.2,2.0
ORD-10106,2024-01-16,CUST-810,West,Mid-Market,Online Store,Supplies,Accessories Kit,63.86,5,10.0,287.37,162.5,124.87,43.5,4.0
ORD-10107,2023-05-23,CUST-941,West,Mid-Market,Direct Sales,Software,Standard Plus,453.92,1,5.0,431.22,225.0,206.22,47.8,3.0
ORD-10108,2023-01-03,CUST-120,East,Small Business,Inside Sales,Supplies,Accessories Kit,66.42,7,0.0,464.92,227.5,237.42,51.1,5.0
ORD-10109,2024-02-11,CUST-663,South,Enterprise,Partner Reseller,Hardware,Hardware Terminal,848.8,4,0.0,3395.2,1700.0,1695.2,49.9,3.0
ORD-10110,2024-05-08,CUST-544,South,Mid-Market,Inside Sales,Hardware,Hardware Terminal,832.6,8,0.0,6660.79,3400.0,3260.79,49.0,5.0
ORD-10111,2023-10-25,CUST-477,Central,Enterprise,Online Store,Software,Standard Plus,437.04,6,5.0,2491.14,1350.0,1141.14,45.8,4.0
ORD-10112,2023-06-01,CUST-772,South,Small Business,Online Store,Software,Standard Plus,438.09,6,10.0,2365.66,1350.0,1015.66,42.9,5.0
ORD-10113,2024-03-07,CUST-852,South,Mid-Market,Partner Reseller,Software,Standard Plus,446.77,6,0.0,2680.61,1350.0,1330.61,49.6,5.0
ORD-10114,2024-04-03,CUST-927,Central,Enterprise,Online Store,Software,Enterprise Pro,1214.06,7,0.0,8498.41,4200.0,4298.41,50.6,4.0
ORD-10115,2024-05-31,CUST-647,North,Mid-Market,Inside Sales,Software,Starter Lite,143.4,8,10.0,1032.5,600.0,432.5,41.9,4.0
ORD-10116,2024-03-28,CUST-614,North,Mid-Market,Inside Sales,Software,Starter Lite,147.01,2,5.0,279.32,150.0,129.32,46.3,5.0
ORD-10117,2024-06-25,CUST-883,North,Enterprise,Direct Sales,Software,Standard Plus,462.96,4,10.0,1666.64,900.0,766.64,46.0,5.0
ORD-10118,2024-04-04,CUST-765,West,Enterprise,Direct Sales,Software,Starter Lite,154.88,4,0.0,619.52,300.0,319.52,51.6,3.0
ORD-10119,2023-07-15,CUST-233,Central,Small Business,Partner Reseller,Software,Enterprise Pro,1245.36,5,20.0,4981.43,3000.0,1981.43,39.8,5.0
ORD-10120,2023-03-08,CUST-932,West,Enterprise,Direct Sales,Software,Standard Plus,441.62,6,0.0,2649.71,1350.0,1299.71,49.1,4.0
ORD-10121,2023-04-20,CUST-679,Central,Mid-Market,Partner Reseller,Hardware,Hardware Terminal,809.69,2,0.0,1619.39,850.0,769.39,47.5,3.0
ORD-10122,2023-06-22,CUST-762,East,Mid-Market,Direct Sales,Supplies,Accessories Kit,61.86,3,15.0,157.76,97.5,60.26,38.2,4.0
ORD-10123,2024-04-11,CUST-982,South,Enterprise,Direct Sales,Software,Starter Lite,144.32,5,0.0,721.6,375.0,346.6,48.0,4.0
ORD-10124,2023-09-20,CUST-584,West,Mid-Market,Partner Reseller,Software,Enterprise Pro,1241.76,3,0.0,3725.29,1800.0,1925.29,51.7,5.0
ORD-10125,2024-04-27,CUST-164,South,Small Business,Direct Sales,Software,Standard Plus,458.14,5,0.0,2290.72,1125.0,1165.72,50.9,3.0
ORD-10126,2023-01-13,CUST-867,North,Consumer,Online Store,Software,Standard Plus,456.57,2,0.0,913.15,450.0,463.15,50.7,4.0
ORD-10127,2023-07-02,CUST-128,North,Consumer,Inside Sales,Software,Enterprise Pro,1222.58,8,10.0,8802.55,4800.0,4002.55,45.5,4.0
ORD-10128,2023-04-07,CUST-107,West,Consumer,Direct Sales,Software,Enterprise Pro,1258.59,7,10.0,7929.14,4200.0,3729.14,47.0,4.0
ORD-10129,2023-07-19,CUST-310,North,Enterprise,Inside Sales,Software,Starter Lite,157.37,3,0.0,472.12,225.0,247.12,52.3,5.0
ORD-10130,2024-01-26,CUST-322,West,Mid-Market,Direct Sales,Software,Standard Plus,431.2,2,10.0,776.16,450.0,326.16,42.0,5.0
ORD-10131,2023-12-26,CUST-869,East,Mid-Market,Direct Sales,Software,Standard Plus,433.14,5,0.0,2165.68,1125.0,1040.68,48.1,4.0
ORD-10132,2024-01-09,CUST-725,East,Mid-Market,Inside Sales,Supplies,Accessories Kit,64.56,4,10.0,232.41,130.0,102.41,44.1,4.0
ORD-10133,2024-02-18,CUST-697,Central,Mid-Market,Direct Sales,Software,Starter Lite,152.34,10,5.0,1447.25,750.0,697.25,48.2,3.0
ORD-10134,2023-08-23,CUST-512,South,Small Business,Online Store,Software,Starter Lite,146.96,8,0.0,1175.71,600.0,575.71,49.0,4.0
ORD-10135,2023-01-30,CUST-830,Central,Small Business,Partner Reseller,Software,Starter Lite,153.64,8,0.0,1229.08,600.0,629.08,51.2,5.0
ORD-10136,2023-03-07,CUST-854,South,Small Business,Online Store,Hardware,Hardware Terminal,871.99,3,10.0,2354.37,1275.0,1079.37,45.8,4.0
ORD-10137,2023-03-11,CUST-871,Central,Mid-Market,Direct Sales,Supplies,Accessories Kit,62.91,4,5.0,239.06,130.0,109.06,45.6,1.0
ORD-10138,2023-07-07,CUST-258,West,Small Business,Inside Sales,Software,Enterprise Pro,1198.39,4,5.0,4553.89,2400.0,2153.89,47.3,4.0
ORD-10139,2023-07-07,CUST-930,West,Enterprise,Online Store,Software,Standard Plus,460.6,6,10.0,2487.23,1350.0,1137.23,45.7,3.0
ORD-10140,2023-04-23,CUST-970,East,Consumer,Inside Sales,Software,Starter Lite,157.37,4,0.0,629.47,300.0,329.47,52.3,5.0
ORD-10141,2023-05-17,CUST-948,Central,Small Business,Online Store,Software,Enterprise Pro,1239.8,1,0.0,1239.8,600.0,639.8,51.6,3.0
ORD-10142,2024-03-01,CUST-740,Central,Mid-Market,Inside Sales,Software,Standard Plus,460.26,4,0.0,1841.03,900.0,941.03,51.1,4.0
ORD-10143,2023-11-09,CUST-262,North,Mid-Market,Inside Sales,Software,Enterprise Pro,1173.86,4,0.0,4695.45,2400.0,2295.45,48.9,3.0
ORD-10144,2023-08-08,CUST-540,West,Mid-Market,Partner Reseller,Supplies,Accessories Kit,62.16,3,5.0,177.15,97.5,79.65,45.0,5.0
ORD-10145,2024-06-16,CUST-698,East,Mid-Market,Partner Reseller,Software,Standard Plus,471.58,8,0.0,3772.64,1800.0,1972.64,52.3,3.0
ORD-10146,2023-11-01,CUST-388,East,Small Business,Direct Sales,Supplies,Accessories Kit,62.33,2,0.0,124.65,65.0,59.65,47.9,4.0
ORD-10147,2023-12-20,CUST-165,South,Small Business,Direct Sales,Software,Starter Lite,156.69,3,5.0,446.55,225.0,221.55,49.6,5.0
ORD-10148,2023-04-08,CUST-482,Central,Small Business,Inside Sales,Software,Standard Plus,439.14,5,0.0,2195.69,1125.0,1070.69,48.8,3.0
ORD-10149,2023-03-09,CUST-143,West,Mid-Market,Direct Sales,Software,Standard Plus,431.74,6,10.0,2331.38,1350.0,981.38,42.1,4.0
ORD-10150,2023-04-07,CUST-658,South,Mid-Market,Partner Reseller,Hardware,Hardware Terminal,861.44,7,10.0,5427.07,2975.0,2452.07,45.2,5.0
ORD-10151,2023-08-26,CUST-787,East,Small Business,Inside Sales,Software,Enterprise Pro,1183.64,6,0.0,7101.86,3600.0,3501.86,49.3,5.0
ORD-10152,2023-09-17,CUST-636,West,Consumer,Direct Sales,Supplies,Accessories Kit,62.8,8,10.0,452.19,260.0,192.19,42.5,1.0
ORD-10153,2023-05-11,CUST-827,East,Consumer,Online Store,Software,Starter Lite,152.28,7,0.0,1065.93,525.0,540.93,50.7,4.0
ORD-10154,2023-08-14,CUST-413,West,Mid-Market,Inside Sales,Hardware,Hardware Terminal,837.08,3,10.0,2260.1,1275.0,985.1,43.6,4.0
ORD-10155,2023-03-16,CUST-582,West,Mid-Market,Direct Sales,Software,Starter Lite,153.59,2,10.0,276.46,150.0,126.46,45.7,2.0
ORD-10156,2023-09-05,CUST-914,North,Consumer,Inside Sales,Software,Enterprise Pro,1180.85,1,20.0,944.68,600.0,344.68,36.5,5.0
ORD-10157,2023-05-23,CUST-542,North,Mid-Market,Online Store,Software,Enterprise Pro,1244.91,5,10.0,5602.08,3000.0,2602.08,46.4,1.0
ORD-10158,2023-12-20,CUST-713,South,Consumer,Inside Sales,Software,Standard Plus,446.46,3,0.0,1339.39,675.0,664.39,49.6,1.0
ORD-10159,2023-03-24,CUST-564,Central,Small Business,Inside Sales,Hardware,Hardware Terminal,867.31,6,0.0,5203.88,2550.0,2653.88,51.0,4.0
ORD-10160,2023-10-13,CUST-972,North,Mid-Market,Online Store,Software,Starter Lite,156.04,3,5.0,444.72,225.0,219.72,49.4,5.0
ORD-10161,2023-05-07,CUST-423,East,Small Business,Inside Sales,Software,Starter Lite,143.91,7,0.0,1007.36,525.0,482.36,47.9,5.0
ORD-10162,2023-02-04,CUST-505,West,Small Business,Direct Sales,Hardware,Hardware Terminal,836.47,3,10.0,2258.47,1275.0,983.47,43.5,3.0
ORD-10163,2023-08-20,CUST-460,Central,Small Business,Partner Reseller,Software,Standard Plus,470.27,4,0.0,1881.1,900.0,981.1,52.2,4.0
ORD-10164,2023-03-28,CUST-192,South,Enterprise,Direct Sales,Hardware,Hardware Terminal,831.03,1,5.0,789.48,425.0,364.48,46.2,5.0
ORD-10165,2024-02-28,CUST-654,East,Mid-Market,Direct Sales,Software,Standard Plus,427.84,1,5.0,406.45,225.0,181.45,44.6,3.0
ORD-10166,2024-02-08,CUST-628,North,Small Business,Direct Sales,Software,Standard Plus,464.25,2,0.0,928.5,450.0,478.5,51.5,3.0
ORD-10167,2023-07-02,CUST-701,Central,Small Business,Partner Reseller,Software,Standard Plus,457.86,6,5.0,2609.79,1350.0,1259.79,48.3,3.0
ORD-10168,2023-04-13,CUST-738,Central,Consumer,Online Store,Software,Starter Lite,144.22,3,0.0,432.65,225.0,207.65,48.0,4.0
ORD-10169,2024-02-24,CUST-869,South,Mid-Market,Inside Sales,Software,Enterprise Pro,1500.0,1,15.0,1275.0,660.0,615.0,48.2,5.0
ORD-10170,2023-04-15,CUST-180,West,Small Business,Online Store,Hardware,Hardware Terminal,852.89,6,5.0,4861.46,2550.0,2311.46,47.5,3.0
ORD-10171,2023-09-25,CUST-519,South,Small Business,Online Store,Software,Standard Plus,444.93,4,15.0,1512.77,900.0,612.77,40.5,5.0
ORD-10172,2024-03-04,CUST-217,South,Small Business,Inside Sales,Software,Standard Plus,428.05,5,0.0,2140.27,1125.0,1015.27,47.4,4.0
ORD-10173,2024-01-15,CUST-578,West,Enterprise,Direct Sales,Software,Standard Plus,444.55,4,5.0,1689.29,900.0,789.29,46.7,1.0
ORD-10174,2024-04-19,CUST-443,South,Small Business,Direct Sales,Software,Standard Plus,471.24,4,5.0,1790.72,900.0,890.72,49.7,3.0
ORD-10175,2024-03-18,CUST-641,East,Enterprise,Online Store,Software,Enterprise Pro,1230.75,2,0.0,2461.49,1200.0,1261.49,51.2,4.0
ORD-10176,2024-04-29,CUST-773,West,Mid-Market,Partner Reseller,Software,Standard Plus,434.44,8,15.0,2954.17,1800.0,1154.17,39.1,4.0
ORD-10177,2023-12-31,CUST-736,West,Mid-Market,Online Store,Hardware,Hardware Terminal,821.55,6,10.0,4436.35,2550.0,1886.35,42.5,4.0
ORD-10178,2024-04-27,CUST-758,North,Mid-Market,Direct Sales,Hardware,Hardware Terminal,847.92,6,20.0,4070.02,2550.0,1520.02,37.3,4.0
ORD-10179,2023-03-05,CUST-628,East,Mid-Market,Partner Reseller,Software,Starter Lite,155.66,4,15.0,529.23,300.0,229.23,43.3,5.0
ORD-10180,2023-05-27,CUST-853,East,Small Business,Online Store,Software,Enterprise Pro,1201.35,4,5.0,4565.14,2400.0,2165.14,47.4,4.0
ORD-10181,2024-04-09,CUST-939,Central,Mid-Market,Partner Reseller,Supplies,Accessories Kit,65.91,5,5.0,313.08,162.5,150.58,48.1,3.0
ORD-10182,2023-05-27,CUST-909,South,Enterprise,Partner Reseller,Software,Standard Plus,460.02,3,5.0,1311.06,675.0,636.06,48.5,4.0
ORD-10183,2023-11-16,CUST-648,South,Small Business,Inside Sales,Software,Standard Plus,429.49,6,10.0,2319.23,1350.0,969.23,41.8,4.0
ORD-10184,2023-01-01,CUST-457,North,Consumer,Inside Sales,Software,Enterprise Pro,1188.91,5,10.0,5350.07,3000.0,2350.07,43.9,4.0
ORD-10185,2023-03-16,CUST-165,South,Small Business,Direct Sales,Software,Enterprise Pro,1152.11,1,10.0,1036.9,600.0,436.9,42.1,5.0
ORD-10186,2024-01-10,CUST-126,West,Mid-Market,Online Store,Software,Standard Plus,469.32,4,0.0,1877.26,900.0,977.26,52.1,4.0
ORD-10187,2023-08-19,CUST-759,East,Small Business,Direct Sales,Software,Standard Plus,464.46,6,0.0,2786.79,1350.0,1436.79,51.6,4.0
ORD-10188,2023-06-09,CUST-453,East,Mid-Market,Direct Sales,Software,Standard Plus,440.29,5,10.0,1981.32,1125.0,856.32,43.2,3.0
ORD-10189,2023-03-16,CUST-424,South,Enterprise,Direct Sales,Software,Standard Plus,465.27,3,5.0,1326.02,675.0,651.02,49.1,1.0
ORD-10190,2023-06-06,CUST-927,Central,Enterprise,Direct Sales,Hardware,Hardware Terminal,865.9,7,10.0,5455.15,2975.0,2480.15,45.5,4.0
ORD-10191,2023-06-24,CUST-601,North,Small Business,Direct Sales,Software,Starter Lite,157.49,5,0.0,787.46,375.0,412.46,52.4,2.0
ORD-10192,2023-10-31,CUST-130,South,Mid-Market,Inside Sales,Hardware,Hardware Terminal,842.9,3,0.0,2528.71,1275.0,1253.71,49.6,5.0
ORD-10193,2024-06-11,CUST-587,South,Small Business,Online Store,Hardware,Hardware Terminal,862.31,6,0.0,5173.86,2550.0,2623.86,50.7,4.0
ORD-10194,2024-03-13,CUST-948,East,Enterprise,Direct Sales,Software,Enterprise Pro,1185.49,4,0.0,4741.97,2400.0,2341.97,49.4,4.0
ORD-10195,2024-02-02,CUST-883,South,Mid-Market,Direct Sales,Software,Standard Plus,461.8,4,15.0,1570.13,900.0,670.13,42.7,4.0
ORD-10196,2024-04-09,CUST-618,East,Enterprise,Direct Sales,Supplies,Accessories Kit,63.97,4,0.0,255.89,130.0,125.89,49.2,5.0
ORD-10197,2023-01-12,CUST-256,North,Small Business,Partner Reseller,Software,Standard Plus,467.98,6,15.0,2386.67,1350.0,1036.67,43.4,5.0
ORD-10198,2023-08-14,CUST-540,East,Mid-Market,Online Store,Software,Starter Lite,153.38,7,5.0,1020.01,525.0,495.01,48.5,4.0
ORD-10199,2023-01-26,CUST-588,West,Mid-Market,Direct Sales,Software,Standard Plus,448.65,6,10.0,2422.71,1350.0,1072.71,44.3,5.0
ORD-10200,2023-08-30,CUST-697,West,Mid-Market,Direct Sales,Supplies,Accessories Kit,62.25,5,5.0,295.67,162.5,133.17,45.0,3.0
ORD-10201,2024-03-21,CUST-351,East,Mid-Market,Online Store,Software,Starter Lite,144.13,8,5.0,1095.41,600.0,495.41,45.2,4.0
ORD-10202,2023-03-31,CUST-718,East,Mid-Market,Online Store,Software,Enterprise Pro,1248.95,4,5.0,4746.0,2400.0,2346.0,49.4,5.0
ORD-10203,2023-09-02,CUST-173,Central,Mid-Market,Online Store,Supplies,Accessories Kit,64.99,6,5.0,370.46,195.0,175.46,47.4,1.0
ORD-10204,2024-05-26,CUST-109,East,Enterprise,Online Store,Hardware,Hardware Terminal,848.38,4,0.0,3393.5,1700.0,1693.5,49.9,4.0
ORD-10205,2023-09-22,CUST-423,North,Consumer,Direct Sales,Supplies,Accessories Kit,65.42,9,0.0,588.75,292.5,296.25,50.3,4.0
ORD-10206,2023-04-24,CUST-848,Central,Consumer,Partner Reseller,Hardware,Hardware Terminal,822.39,2,5.0,1562.55,850.0,712.55,45.6,5.0
ORD-10207,2023-09-13,CUST-467,South,Mid-Market,Online Store,Software,Starter Lite,145.57,8,10.0,1048.08,600.0,448.08,42.8,3.0
ORD-10208,2023-05-27,CUST-347,East,Small Business,Partner Reseller,Software,Enterprise Pro,1245.11,9,0.0,11205.95,5400.0,5805.95,51.8,4.0
ORD-10209,2023-10-06,CUST-614,Central,Mid-Market,Direct Sales,Software,Standard Plus,441.19,4,0.0,1764.76,900.0,864.76,49.0,4.0
ORD-10210,2024-01-19,CUST-146,North,Consumer,Online Store,Software,Starter Lite,144.38,7,10.0,909.6,525.0,384.6,42.3,4.0
ORD-10211,2024-06-11,CUST-750,West,Small Business,Direct Sales,Software,Standard Plus,439.61,2,0.0,879.21,450.0,429.21,48.8,4.0
ORD-10212,2024-04-24,CUST-882,North,Small Business,Inside Sales,Software,Standard Plus,447.7,5,5.0,2126.56,1125.0,1001.56,47.1,3.0
ORD-10213,2023-04-06,CUST-674,North,Enterprise,Online Store,Hardware,Hardware Terminal,890.67,5,10.0,4008.04,2125.0,1883.04,47.0,5.0
ORD-10214,2023-03-17,CUST-925,West,Mid-Market,Direct Sales,Software,Standard Plus,465.25,4,0.0,1861.02,900.0,961.02,51.6,1.0
ORD-10215,2023-09-27,CUST-815,West,Small Business,Direct Sales,Software,Enterprise Pro,1236.0,6,10.0,6674.4,3600.0,3074.4,46.1,4.0
ORD-10216,2024-04-02,CUST-212,West,Small Business,Online Store,Software,Starter Lite,152.61,7,15.0,908.03,525.0,383.03,42.2,2.0
ORD-10217,2023-01-12,CUST-990,South,Mid-Market,Direct Sales,Software,Standard Plus,442.51,5,15.0,1880.65,1125.0,755.65,40.2,4.0
ORD-10218,2024-03-25,CUST-813,North,Consumer,Inside Sales,Software,Standard Plus,440.0,4,10.0,1584.01,900.0,684.01,43.2,3.0
ORD-10219,2023-12-27,CUST-486,Central,Mid-Market,Direct Sales,Software,Enterprise Pro,1202.36,5,0.0,6011.82,3000.0,3011.82,50.1,2.0
ORD-10220,2023-04-08,CUST-502,East,Mid-Market,Online Store,Software,Standard Plus,446.87,4,10.0,1608.72,900.0,708.72,44.1,4.0
ORD-10221,2024-04-27,CUST-365,West,Enterprise,Partner Reseller,Software,Standard Plus,435.33,6,0.0,2612.0,1350.0,1262.0,48.3,2.0
ORD-10222,2023-03-20,CUST-263,North,Enterprise,Inside Sales,Supplies,Accessories Kit,65.54,3,5.0,186.79,97.5,89.29,47.8,3.0
ORD-10223,2023-03-24,CUST-743,Central,Small Business,Online Store,Software,Standard Plus,463.82,6,10.0,2504.65,1350.0,1154.65,46.1,5.0
ORD-10224,2024-01-14,CUST-836,West,Small Business,Direct Sales,Software,Enterprise Pro,1249.38,5,5.0,5934.57,3000.0,2934.57,49.4,1.0
ORD-10225,2024-01-01,CUST-603,South,Enterprise,Direct Sales,Software,Standard Plus,449.71,6,5.0,2563.33,1350.0,1213.33,47.3,3.0
ORD-10226,2024-01-22,CUST-669,East,Small Business,Online Store,Software,Starter Lite,154.31,8,0.0,1234.48,600.0,634.48,51.4,4.0
ORD-10227,2023-12-29,CUST-355,West,Mid-Market,Online Store,Hardware,Hardware Terminal,809.36,4,5.0,3075.58,1700.0,1375.58,44.7,4.0
ORD-10228,2023-05-15,CUST-744,North,Consumer,Partner Reseller,Software,Standard Plus,469.08,2,0.0,938.16,450.0,488.16,52.0,2.0
ORD-10229,2023-01-21,CUST-151,West,Small Business,Partner Reseller,Software,Starter Lite,147.85,4,0.0,591.41,300.0,291.41,49.3,4.0
ORD-10230,2023-06-02,CUST-761,West,Small Business,Direct Sales,Software,Enterprise Pro,1206.4,5,0.0,6032.02,3000.0,3032.02,50.3,4.0
ORD-10231,2024-02-29,CUST-698,Central,Small Business,Partner Reseller,Software,Starter Lite,146.94,1,5.0,139.59,75.0,64.59,46.3,4.0
ORD-10232,2024-01-07,CUST-214,North,Enterprise,Inside Sales,Software,Enterprise Pro,1154.58,7,15.0,6869.75,4200.0,2669.75,38.9,4.0
ORD-10233,2023-08-22,CUST-996,East,Enterprise,Online Store,Software,Standard Plus,442.24,10,0.0,4422.4,2250.0,2172.4,49.1,4.0
ORD-10234,2023-04-03,CUST-486,East,Small Business,Inside Sales,Software,Enterprise Pro,1242.88,9,15.0,9508.01,5400.0,4108.01,43.2,4.0
ORD-10235,2023-07-26,CUST-998,Central,Small Business,Inside Sales,Software,Standard Plus,465.97,9,0.0,4193.76,2025.0,2168.76,51.7,5.0
ORD-10236,2023-05-19,CUST-434,North,Small Business,Partner Reseller,Software,Standard Plus,435.68,2,0.0,871.36,450.0,421.36,48.4,5.0
ORD-10237,2023-04-26,CUST-139,West,Mid-Market,Direct Sales,Software,Enterprise Pro,1148.4,3,20.0,2756.16,1800.0,956.16,34.7,5.0
ORD-10238,2023-02-28,CUST-660,West,Mid-Market,Partner Reseller,Software,Standard Plus,437.3,1,10.0,393.57,225.0,168.57,42.8,4.0
ORD-10239,2023-12-14,CUST-364,West,Enterprise,Inside Sales,Software,Enterprise Pro,1229.07,8,0.0,9832.56,4800.0,5032.56,51.2,3.0
ORD-10240,2023-08-08,CUST-139,South,Mid-Market,Partner Reseller,Software,Enterprise Pro,1164.27,7,5.0,7742.4,4200.0,3542.4,45.8,4.0
ORD-10241,2023-08-25,CUST-294,North,Consumer,Inside Sales,Software,Standard Plus,452.22,6,10.0,2441.99,1350.0,1091.99,44.7,4.0
ORD-10242,2023-08-10,CUST-303,North,Small Business,Direct Sales,Software,Starter Lite,143.83,7,10.0,906.1,525.0,381.1,42.1,4.0
ORD-10243,2023-06-10,CUST-363,South,Mid-Market,Online Store,Software,Enterprise Pro,1220.01,9,5.0,10431.11,5400.0,5031.11,48.2,2.0
ORD-10244,2023-11-27,CUST-558,West,Consumer,Partner Reseller,Software,Starter Lite,148.67,6,20.0,713.61,450.0,263.61,36.9,3.0
ORD-10245,2024-05-13,CUST-213,South,Enterprise,Direct Sales,Software,Enterprise Pro,1500.0,1,0.0,1500.0,660.0,840.0,56.0,5.0
ORD-10246,2024-03-08,CUST-549,West,Small Business,Partner Reseller,Software,Enterprise Pro,1216.6,4,0.0,4866.39,2400.0,2466.39,50.7,5.0
ORD-10247,2023-03-15,CUST-666,North,Small Business,Partner Reseller,Software,Starter Lite,149.32,10,15.0,1269.23,750.0,519.23,40.9,4.0
ORD-10248,2024-04-15,CUST-820,Central,Enterprise,Partner Reseller,Software,Starter Lite,153.08,5,10.0,688.85,375.0,313.85,45.6,4.0
ORD-10249,2023-04-03,CUST-637,Central,Small Business,Direct Sales,Software,Enterprise Pro,1173.24,8,5.0,8916.64,4800.0,4116.64,46.2,5.0
ORD-10250,2023-05-30,CUST-311,West,Mid-Market,Direct Sales,Software,Enterprise Pro,1236.32,8,5.0,9396.01,4800.0,4596.01,48.9,5.0
ORD-10251,2023-08-22,CUST-163,West,Small Business,Partner Reseller,Software,Starter Lite,157.13,2,10.0,282.83,150.0,132.83,47.0,5.0
ORD-10252,2023-12-16,CUST-998,South,Small Business,Partner Reseller,Software,Starter Lite,145.01,3,0.0,435.04,225.0,210.04,48.3,3.0
ORD-10253,2023-10-23,CUST-200,North,Mid-Market,Inside Sales,Software,Enterprise Pro,1220.88,3,0.0,3662.64,1800.0,1862.64,50.9,2.0
ORD-10254,2023-03-27,CUST-523,Central,Enterprise,Inside Sales,Hardware,Hardware Terminal,819.16,4,0.0,3276.63,1700.0,1576.63,48.1,4.0
ORD-10255,2023-05-08,CUST-498,North,Mid-Market,Online Store,Software,Starter Lite,147.71,6,15.0,753.3,450.0,303.3,40.3,4.0
ORD-10256,2023-04-16,CUST-137,South,Small Business,Direct Sales,Software,Starter Lite,152.34,3,10.0,411.32,225.0,186.32,45.3,4.0
ORD-10257,2023-07-30,CUST-957,West,Small Business,Inside Sales,Software,Enterprise Pro,1208.13,5,0.0,6040.64,3000.0,3040.64,50.3,4.0
ORD-10258,2023-09-27,CUST-857,West,Small Business,Direct Sales,Software,Standard Plus,465.94,3,10.0,1258.04,675.0,583.04,46.3,4.0
ORD-10259,2024-02-10,CUST-801,East,Small Business,Online Store,Software,Starter Lite,155.18,4,0.0,620.71,300.0,320.71,51.7,5.0
ORD-10260,2023-11-04,CUST-996,West,Mid-Market,Online Store,Software,Standard Plus,437.94,5,5.0,2080.23,1125.0,955.23,45.9,3.0
ORD-10261,2023-09-30,CUST-385,South,Consumer,Partner Reseller,Software,Standard Plus,449.43,6,0.0,2696.56,1350.0,1346.56,49.9,4.0
ORD-10262,2023-01-13,CUST-463,West,Small Business,Direct Sales,Software,Standard Plus,457.65,3,10.0,1235.66,675.0,560.66,45.4,4.0
ORD-10263,2024-04-23,CUST-882,North,Mid-Market,Direct Sales,Software,Starter Lite,149.24,2,5.0,283.55,150.0,133.55,47.1,3.0
ORD-10264,2023-05-20,CUST-580,West,Small Business,Inside Sales,Software,Enterprise Pro,1208.22,3,15.0,3080.95,1800.0,1280.95,41.6,4.0
ORD-10265,2024-02-20,CUST-332,East,Small Business,Inside Sales,Hardware,Hardware Terminal,877.78,1,0.0,877.78,425.0,452.78,51.6,4.0
ORD-10266,2023-08-15,CUST-407,South,Mid-Market,Online Store,Software,Standard Plus,440.17,9,10.0,3565.4,2025.0,1540.4,43.2,5.0
ORD-10267,2023-10-15,CUST-546,East,Mid-Market,Partner Reseller,Software,Standard Plus,442.95,3,0.0,1328.86,675.0,653.86,49.2,5.0
ORD-10268,2024-04-04,CUST-729,North,Consumer,Inside Sales,Software,Standard Plus,436.02,5,0.0,2180.11,1125.0,1055.11,48.4,1.0
ORD-10269,2023-03-14,CUST-239,West,Small Business,Partner Reseller,Software,Starter Lite,155.34,6,0.0,932.05,450.0,482.05,51.7,4.0
ORD-10270,2024-04-15,CUST-393,South,Enterprise,Online Store,Software,Standard Plus,460.57,4,0.0,1842.29,900.0,942.29,51.1,4.0
ORD-10271,2023-05-23,CUST-341,Central,Small Business,Direct Sales,Software,Enterprise Pro,1218.84,8,0.0,9750.75,4800.0,4950.75,50.8,5.0
ORD-10272,2023-05-18,CUST-296,South,Small Business,Direct Sales,Software,Enterprise Pro,1151.06,2,10.0,2071.91,1200.0,871.91,42.1,4.0
ORD-10273,2024-05-28,CUST-773,West,Small Business,Inside Sales,Software,Enterprise Pro,1233.85,7,0.0,8636.92,4200.0,4436.92,51.4,3.0
ORD-10274,2023-09-04,CUST-628,North,Mid-Market,Online Store,Software,Enterprise Pro,1183.51,7,0.0,8284.55,4200.0,4084.55,49.3,5.0
ORD-10275,2023-06-15,CUST-669,East,Small Business,Online Store,Software,Standard Plus,428.25,5,0.0,2141.27,1125.0,1016.27,47.5,4.0
ORD-10276,2024-02-11,CUST-850,East,Mid-Market,Inside Sales,Software,Enterprise Pro,1201.48,6,0.0,7208.86,3600.0,3608.86,50.1,5.0
ORD-10277,2024-02-23,CUST-454,North,Small Business,Inside Sales,Software,Standard Plus,467.97,2,15.0,795.54,450.0,345.54,43.4,5.0
ORD-10278,2023-06-13,CUST-957,South,Small Business,Inside Sales,Software,Starter Lite,156.11,2,0.0,312.22,150.0,162.22,52.0,3.0
ORD-10279,2023-10-11,CUST-270,East,Enterprise,Inside Sales,Software,Starter Lite,148.93,11,5.0,1556.29,825.0,731.29,47.0,5.0
ORD-10280,2024-01-17,CUST-301,North,Mid-Market,Online Store,Hardware,Hardware Terminal,854.04,4,0.0,3416.14,1700.0,1716.14,50.2,3.0
ORD-10281,2023-07-31,CUST-415,North,Small Business,Online Store,Hardware,Hardware Terminal,891.68,10,0.0,8916.78,4250.0,4666.78,52.3,1.0
ORD-10282,2023-03-17,CUST-685,West,Enterprise,Direct Sales,Software,Starter Lite,150.98,6,0.0,905.89,450.0,455.89,50.3,4.0
ORD-10283,2024-05-04,CUST-313,North,Enterprise,Direct Sales,Software,Standard Plus,438.07,2,0.0,876.15,450.0,426.15,48.6,5.0
ORD-10284,2024-05-17,CUST-286,South,Mid-Market,Direct Sales,Software,Standard Plus,453.33,1,5.0,430.66,225.0,205.66,47.8,4.0
ORD-10285,2023-09-19,CUST-111,West,Mid-Market,Online Store,Software,Standard Plus,452.24,7,5.0,3007.42,1575.0,1432.42,47.6,2.0
ORD-10286,2023-05-21,CUST-712,West,Mid-Market,Inside Sales,Hardware,Hardware Terminal,811.8,2,0.0,1623.6,850.0,773.6,47.6,4.0
ORD-10287,2024-02-04,CUST-384,South,Consumer,Direct Sales,Software,Starter Lite,154.58,4,5.0,587.41,300.0,287.41,48.9,5.0
ORD-10288,2023-10-08,CUST-649,South,Mid-Market,Inside Sales,Software,Standard Plus,441.54,7,0.0,3090.75,1575.0,1515.75,49.0,2.0
ORD-10289,2023-04-26,CUST-688,West,Small Business,Inside Sales,Hardware,Hardware Terminal,810.47,3,0.0,2431.41,1275.0,1156.41,47.6,5.0
ORD-10290,2023-05-15,CUST-401,North,Mid-Market,Partner Reseller,Software,Enterprise Pro,1207.71,6,5.0,6883.93,3600.0,3283.93,47.7,5.0
ORD-10291,2024-02-27,CUST-810,Central,Small Business,Partner Reseller,Software,Starter Lite,152.28,5,0.0,761.41,375.0,386.41,50.7,5.0
ORD-10292,2024-01-21,CUST-543,East,Enterprise,Partner Reseller,Software,Standard Plus,462.09,9,20.0,3327.02,2025.0,1302.02,39.1,3.0
ORD-10293,2023-10-25,CUST-700,North,Small Business,Online Store,Software,Starter Lite,157.45,4,0.0,629.81,300.0,329.81,52.4,3.0
ORD-10294,2023-11-18,CUST-420,South,Enterprise,Online Store,Software,Enterprise Pro,1500.0,1,0.0,1500.0,660.0,840.0,56.0,4.0
ORD-10295,2024-03-10,CUST-968,East,Mid-Market,Partner Reseller,Software,Enterprise Pro,1183.53,4,10.0,4260.71,2400.0,1860.71,43.7,4.0
ORD-10296,2023-05-08,CUST-551,Central,Consumer,Direct Sales,Software,Enterprise Pro,1172.63,8,0.0,9381.08,4800.0,4581.08,48.8,3.0
ORD-10297,2023-04-14,CUST-709,North,Enterprise,Inside Sales,Software,Standard Plus,464.92,4,0.0,1859.67,900.0,959.67,51.6,5.0
ORD-10298,2023-04-19,CUST-182,Central,Mid-Market,Online Store,Software,Starter Lite,153.18,1,0.0,153.18,75.0,78.18,51.0,4.0
ORD-10299,2023-04-20,CUST-665,North,Consumer,Partner Reseller,Software,Starter Lite,144.57,8,10.0,1040.91,600.0,440.91,42.4,2.0
ORD-10300,2023-12-10,CUST-951,South,Enterprise,Inside Sales,Software,Enterprise Pro,1500.0,2,5.0,2850.0,1320.0,1530.0,53.7,4.0
ORD-10301,2023-11-22,CUST-976,East,Mid-Market,Inside Sales,Software,Starter Lite,146.77,9,0.0,1320.91,675.0,645.91,48.9,4.0
ORD-10302,2023-02-12,CUST-622,North,Consumer,Inside Sales,Software,Enterprise Pro,1145.77,7,0.0,8020.4,4200.0,3820.4,47.6,3.0
ORD-10303,2024-03-02,CUST-662,South,Small Business,Direct Sales,Software,Standard Plus,459.08,7,5.0,3052.87,1575.0,1477.87,48.4,4.0
ORD-10304,2024-02-25,CUST-412,North,Enterprise,Direct Sales,Software,Standard Plus,441.81,8,10.0,3181.03,1800.0,1381.03,43.4,4.0
ORD-10305,2024-06-21,CUST-717,West,Enterprise,Online Store,Software,Standard Plus,467.25,5,0.0,2336.24,1125.0,1211.24,51.8,4.0
ORD-10306,2024-05-21,CUST-405,West,Small Business,Online Store,Software,Standard Plus,439.31,4,5.0,1669.38,900.0,769.38,46.1,4.0
ORD-10307,2024-05-27,CUST-734,North,Enterprise,Inside Sales,Software,Starter Lite,154.55,5,0.0,772.73,375.0,397.73,51.5,4.0
ORD-10308,2023-10-10,CUST-138,East,Enterprise,Direct Sales,Software,Enterprise Pro,1252.75,3,0.0,3758.24,1800.0,1958.24,52.1,5.0
ORD-10309,2024-05-03,CUST-489,West,Mid-Market,Inside Sales,Software,Enterprise Pro,1258.53,4,15.0,4279.0,2400.0,1879.0,43.9,4.0
ORD-10310,2023-02-13,CUST-522,North,Mid-Market,Partner Reseller,Software,Standard Plus,462.87,2,20.0,740.59,450.0,290.59,39.2,4.0
ORD-10311,2023-09-03,CUST-821,North,Mid-Market,Online Store,Hardware,Hardware Terminal,818.3,2,0.0,1636.61,850.0,786.61,48.1,3.0
ORD-10312,2024-02-26,CUST-525,North,Enterprise,Online Store,Software,Standard Plus,437.32,3,5.0,1246.36,675.0,571.36,45.8,5.0
ORD-10313,2023-01-25,CUST-579,South,Mid-Market,Partner Reseller,Software,Enterprise Pro,1212.52,5,5.0,5759.48,3000.0,2759.48,47.9,5.0
ORD-10314,2024-03-18,CUST-166,North,Enterprise,Direct Sales,Software,Starter Lite,155.32,4,0.0,621.29,300.0,321.29,51.7,5.0
ORD-10315,2024-06-03,CUST-325,West,Mid-Market,Direct Sales,Software,Enterprise Pro,1250.11,5,0.0,6250.53,3000.0,3250.53,52.0,5.0
ORD-10316,2024-02-29,CUST-467,Central,Mid-Market,Online Store,Software,Starter Lite,144.4,3,15.0,368.23,225.0,143.23,38.9,2.0
ORD-10317,2024-02-24,CUST-771,South,Small Business,Partner Reseller,Supplies,Accessories Kit,62.11,4,0.0,248.44,130.0,118.44,47.7,4.0
ORD-10318,2023-04-21,CUST-217,South,Small Business,Inside Sales,Software,Starter Lite,146.05,5,0.0,730.27,375.0,355.27,48.6,2.0
ORD-10319,2024-01-02,CUST-849,North,Enterprise,Partner Reseller,Software,Starter Lite,157.39,3,15.0,401.34,225.0,176.34,43.9,3.0
ORD-10320,2023-01-14,CUST-798,West,Mid-Market,Partner Reseller,Software,Standard Plus,463.97,2,10.0,835.15,450.0,385.15,46.1,3.0
ORD-10321,2023-10-16,CUST-784,West,Consumer,Direct Sales,Hardware,Hardware Terminal,861.29,6,20.0,4134.18,2550.0,1584.18,38.3,5.0
ORD-10322,2023-08-24,CUST-324,West,Mid-Market,Direct Sales,Software,Starter Lite,151.41,5,20.0,605.63,375.0,230.63,38.1,4.0
ORD-10323,2023-11-09,CUST-208,North,Mid-Market,Inside Sales,Software,Standard Plus,439.25,3,10.0,1185.98,675.0,510.98,43.1,4.0
ORD-10324,2024-06-16,CUST-649,West,Mid-Market,Partner Reseller,Software,Starter Lite,148.73,4,0.0,594.93,300.0,294.93,49.6,5.0
ORD-10325,2023-03-16,CUST-252,East,Enterprise,Partner Reseller,Supplies,Accessories Kit,63.4,3,0.0,190.2,97.5,92.7,48.7,4.0
ORD-10326,2024-03-04,CUST-645,East,Small Business,Inside Sales,Software,Enterprise Pro,1163.84,6,5.0,6633.87,3600.0,3033.87,45.7,3.0
ORD-10327,2023-12-11,CUST-615,East,Mid-Market,Inside Sales,Software,Starter Lite,147.91,5,10.0,665.58,375.0,290.58,43.7,4.0
ORD-10328,2023-07-10,CUST-465,Central,Mid-Market,Direct Sales,Software,Standard Plus,467.09,9,0.0,4203.8,2025.0,2178.8,51.8,1.0
ORD-10329,2024-06-04,CUST-586,North,Consumer,Online Store,Software,Enterprise Pro,1165.16,6,15.0,5942.33,3600.0,2342.33,39.4,5.0
ORD-10330,2023-05-31,CUST-693,South,Consumer,Partner Reseller,Software,Standard Plus,450.2,6,10.0,2431.08,1350.0,1081.08,44.5,4.0
ORD-10331,2023-07-11,CUST-331,West,Enterprise,Online Store,Software,Standard Plus,430.31,9,0.0,3872.78,2025.0,1847.78,47.7,4.0
ORD-10332,2024-05-14,CUST-581,East,Consumer,Partner Reseller,Software,Starter Lite,150.16,7,15.0,893.44,525.0,368.44,41.2,2.0
ORD-10333,2023-10-11,CUST-486,West,Enterprise,Online Store,Hardware,Hardware Terminal,862.48,9,0.0,7762.33,3825.0,3937.33,50.7,4.0
ORD-10334,2023-08-25,CUST-659,North,Mid-Market,Online Store,Software,Starter Lite,149.66,6,0.0,897.95,450.0,447.95,49.9,5.0
ORD-10335,2023-08-12,CUST-370,Central,Mid-Market,Online Store,Supplies,Accessories Kit,62.06,6,10.0,335.11,195.0,140.11,41.8,5.0
ORD-10336,2023-09-04,CUST-448,South,Consumer,Direct Sales,Software,Standard Plus,439.0,5,0.0,2195.02,1125.0,1070.02,48.7,4.0
ORD-10337,2023-04-08,CUST-192,North,Enterprise,Inside Sales,Software,Standard Plus,457.34,3,5.0,1303.42,675.0,628.42,48.2,4.0
ORD-10338,2023-12-06,CUST-961,South,Enterprise,Inside Sales,Hardware,Hardware Terminal,886.62,3,15.0,2260.88,1275.0,985.88,43.6,4.0
ORD-10339,2024-01-25,CUST-711,South,Mid-Market,Inside Sales,Hardware,Hardware Terminal,826.17,2,0.0,1652.34,850.0,802.34,48.6,1.0
ORD-10340,2023-12-08,CUST-205,West,Enterprise,Online Store,Software,Starter Lite,153.66,6,10.0,829.77,450.0,379.77,45.8,5.0
ORD-10341,2023-04-15,CUST-328,West,Enterprise,Online Store,Supplies,Accessories Kit,66.97,2,0.0,133.93,65.0,68.93,51.5,4.0
ORD-10342,2023-06-20,CUST-874,West,Consumer,Partner Reseller,Software,Standard Plus,463.86,2,10.0,834.95,450.0,384.95,46.1,4.0
ORD-10343,2023-10-23,CUST-790,South,Consumer,Direct Sales,Hardware,Hardware Terminal,841.8,3,15.0,2146.58,1275.0,871.58,40.6,3.0
ORD-10344,2023-07-17,CUST-673,South,Enterprise,Direct Sales,Hardware,Hardware Terminal,812.72,3,20.0,1950.53,1275.0,675.53,34.6,3.0
ORD-10345,2023-10-13,CUST-497,South,Small Business,Partner Reseller,Supplies,Accessories Kit,63.68,2,0.0,127.37,65.0,62.37,49.0,3.0
ORD-10346,2024-04-15,CUST-809,North,Enterprise,Inside Sales,Hardware,Hardware Terminal,811.13,2,0.0,1622.27,850.0,772.27,47.6,5.0
ORD-10347,2023-11-17,CUST-490,Central,Consumer,Inside Sales,Software,Standard Plus,428.15,4,5.0,1626.96,900.0,726.96,44.7,5.0
ORD-10348,2023-11-23,CUST-899,East,Consumer,Online Store,Hardware,Hardware Terminal,850.28,3,5.0,2423.31,1275.0,1148.31,47.4,5.0
ORD-10349,2023-12-06,CUST-893,West,Mid-Market,Partner Reseller,Software,Enterprise Pro,1254.68,2,0.0,2509.36,1200.0,1309.36,52.2,5.0
ORD-10350,2023-04-07,CUST-413,North,Mid-Market,Direct Sales,Software,Enterprise Pro,1203.73,9,10.0,9750.24,5400.0,4350.24,44.6,5.0
ORD-10351,2023-02-01,CUST-290,West,Small Business,Direct Sales,Supplies,Accessories Kit,62.61,5,0.0,313.05,162.5,150.55,48.1,3.0
ORD-10352,2023-02-25,CUST-889,East,Small Business,Inside Sales,Software,Starter Lite,147.64,4,0.0,590.58,300.0,290.58,49.2,4.0
ORD-10353,2024-05-26,CUST-924,West,Enterprise,Direct Sales,Software,Standard Plus,451.98,3,0.0,1355.94,675.0,680.94,50.2,3.0
ORD-10354,2023-05-10,CUST-595,South,Small Business,Inside Sales,Software,Standard Plus,451.56,6,15.0,2302.93,1350.0,952.93,41.4,3.0
ORD-10355,2023-04-11,CUST-630,East,Consumer,Direct Sales,Software,Enterprise Pro,1195.8,5,0.0,5979.02,3000.0,2979.02,49.8,3.0
ORD-10356,2024-06-21,CUST-765,South,Consumer,Online Store,Software,Standard Plus,460.13,5,10.0,2070.59,1125.0,945.59,45.7,5.0
ORD-10357,2023-12-21,CUST-256,Central,Small Business,Online Store,Hardware,Hardware Terminal,864.77,4,10.0,3113.17,1700.0,1413.17,45.4,4.0
ORD-10358,2024-05-01,CUST-167,South,Enterprise,Direct Sales,Software,Starter Lite,148.21,3,0.0,444.62,225.0,219.62,49.4,2.0
ORD-10359,2024-04-03,CUST-556,East,Mid-Market,Online Store,Hardware,Hardware Terminal,807.58,4,5.0,3068.8,1700.0,1368.8,44.6,1.0
ORD-10360,2023-03-28,CUST-345,North,Small Business,Inside Sales,Software,Starter Lite,144.12,10,10.0,1297.1,750.0,547.1,42.2,5.0
ORD-10361,2024-01-08,CUST-792,South,Consumer,Online Store,Software,Standard Plus,464.75,4,0.0,1858.98,900.0,958.98,51.6,5.0
ORD-10362,2023-10-20,CUST-756,North,Mid-Market,Online Store,Software,Enterprise Pro,1146.34,9,0.0,10317.05,5400.0,4917.05,47.7,5.0
ORD-10363,2024-05-30,CUST-621,North,Small Business,Direct Sales,Software,Starter Lite,147.52,9,20.0,1062.12,675.0,387.12,36.4,4.0
ORD-10364,2024-04-13,CUST-228,West,Enterprise,Inside Sales,Software,Enterprise Pro,1247.21,4,5.0,4739.39,2400.0,2339.39,49.4,4.0
ORD-10365,2024-02-14,CUST-662,West,Mid-Market,Inside Sales,Software,Enterprise Pro,1214.82,1,15.0,1032.6,600.0,432.6,41.9,2.0
ORD-10366,2023-09-23,CUST-382,West,Enterprise,Direct Sales,Software,Standard Plus,465.19,3,0.0,1395.56,675.0,720.56,51.6,3.0
ORD-10367,2023-04-20,CUST-675,West,Consumer,Direct Sales,Software,Standard Plus,465.04,1,0.0,465.04,225.0,240.04,51.6,2.0
ORD-10368,2024-03-30,CUST-293,South,Mid-Market,Direct Sales,Hardware,Hardware Terminal,841.86,7,0.0,5893.02,2975.0,2918.02,49.5,5.0
ORD-10369,2023-07-05,CUST-104,East,Mid-Market,Direct Sales,Software,Standard Plus,449.35,7,0.0,3145.47,1575.0,1570.47,49.9,5.0
ORD-10370,2024-02-14,CUST-303,East,Mid-Market,Online Store,Software,Standard Plus,445.23,7,5.0,2960.81,1575.0,1385.81,46.8,5.0
ORD-10371,2023-01-16,CUST-515,North,Small Business,Partner Reseller,Software,Starter Lite,156.13,5,15.0,663.56,375.0,288.56,43.5,5.0
ORD-10372,2023-12-21,CUST-586,South,Small Business,Direct Sales,Software,Enterprise Pro,1500.0,4,0.0,6000.0,2640.0,3360.0,56.0,4.0
ORD-10373,2024-04-05,CUST-452,North,Small Business,Inside Sales,Software,Enterprise Pro,1185.86,2,10.0,2134.54,1200.0,934.54,43.8,4.0
ORD-10374,2024-06-04,CUST-170,East,Mid-Market,Inside Sales,Supplies,Accessories Kit,64.54,5,0.0,322.68,162.5,160.18,49.6,4.0
ORD-10375,2023-04-15,CUST-947,West,Mid-Market,Direct Sales,Supplies,Accessories Kit,67.95,3,0.0,203.86,97.5,106.36,52.2,5.0
ORD-10376,2023-10-08,CUST-306,South,Small Business,Direct Sales,Software,Standard Plus,454.87,5,15.0,1933.2,1125.0,808.2,41.8,4.0
ORD-10377,2023-01-28,CUST-231,North,Mid-Market,Online Store,Software,Enterprise Pro,1180.67,6,0.0,7084.04,3600.0,3484.04,49.2,5.0
ORD-10378,2024-03-08,CUST-479,South,Mid-Market,Direct Sales,Software,Starter Lite,150.03,4,10.0,540.11,300.0,240.11,44.5,5.0
ORD-10379,2024-04-18,CUST-143,East,Consumer,Inside Sales,Hardware,Hardware Terminal,810.09,7,15.0,4820.01,2975.0,1845.01,38.3,5.0
ORD-10380,2024-02-19,CUST-919,North,Enterprise,Partner Reseller,Software,Enterprise Pro,1155.49,5,20.0,4621.95,3000.0,1621.95,35.1,3.0
ORD-10381,2023-01-19,CUST-330,East,Enterprise,Inside Sales,Software,Standard Plus,448.05,1,0.0,448.05,225.0,223.05,49.8,4.0
ORD-10382,2024-03-28,CUST-168,East,Mid-Market,Inside Sales,Software,Standard Plus,429.27,3,0.0,1287.81,675.0,612.81,47.6,1.0
ORD-10383,2023-02-27,CUST-719,North,Small Business,Online Store,Software,Standard Plus,463.14,4,5.0,1759.93,900.0,859.93,48.9,5.0
ORD-10384,2023-09-23,CUST-483,East,Small Business,Partner Reseller,Supplies,Accessories Kit,63.59,7,5.0,422.85,227.5,195.35,46.2,3.0
ORD-10385,2023-07-12,CUST-297,East,Mid-Market,Inside Sales,Hardware,Hardware Terminal,833.27,4,0.0,3333.09,1700.0,1633.09,49.0,5.0
ORD-10386,2024-01-06,CUST-711,South,Small Business,Direct Sales,Software,Standard Plus,439.09,5,10.0,1975.92,1125.0,850.92,43.1,4.0
ORD-10387,2023-01-19,CUST-295,West,Mid-Market,Partner Reseller,Supplies,Accessories Kit,62.59,2,0.0,125.18,65.0,60.18,48.1,2.0
ORD-10388,2023-10-12,CUST-364,North,Small Business,Online Store,Software,Starter Lite,155.94,4,0.0,623.74,300.0,323.74,51.9,1.0
ORD-10389,2023-09-28,CUST-991,North,Mid-Market,Partner Reseller,Software,Standard Plus,427.91,4,0.0,1711.64,900.0,811.64,47.4,4.0
ORD-10390,2023-05-26,CUST-593,West,Small Business,Partner Reseller,Software,Enterprise Pro,1187.34,6,0.0,7124.03,3600.0,3524.03,49.5,5.0
ORD-10391,2023-07-19,CUST-992,Central,Mid-Market,Inside Sales,Supplies,Accessories Kit,63.48,4,10.0,228.54,130.0,98.54,43.1,2.0
ORD-10392,2023-11-07,CUST-549,North,Mid-Market,Direct Sales,Software,Standard Plus,461.87,2,0.0,923.75,450.0,473.75,51.3,4.0
ORD-10393,2024-04-07,CUST-278,East,Mid-Market,Online Store,Supplies,Accessories Kit,64.95,3,0.0,194.85,97.5,97.35,50.0,5.0
ORD-10394,2024-02-22,CUST-368,West,Small Business,Online Store,Software,Enterprise Pro,1198.03,3,0.0,3594.08,1800.0,1794.08,49.9,3.0
ORD-10395,2024-01-11,CUST-409,Central,Small Business,Inside Sales,Software,Enterprise Pro,1169.0,7,0.0,8182.99,4200.0,3982.99,48.7,2.0
ORD-10396,2024-04-23,CUST-279,South,Enterprise,Online Store,Software,Standard Plus,459.07,3,10.0,1239.49,675.0,564.49,45.5,1.0
ORD-10397,2023-03-07,CUST-452,South,Small Business,Partner Reseller,Software,Starter Lite,151.03,6,0.0,906.21,450.0,456.21,50.3,4.0
ORD-10398,2023-02-26,CUST-169,West,Mid-Market,Partner Reseller,Software,Starter Lite,149.24,6,0.0,895.43,450.0,445.43,49.7,3.0
ORD-10399,2024-03-22,CUST-951,East,Mid-Market,Direct Sales,Software,Standard Plus,441.08,4,5.0,1676.11,900.0,776.11,46.3,5.0
ORD-10400,2023-12-01,CUST-734,West,Small Business,Inside Sales,Hardware,Hardware Terminal,832.71,5,0.0,4163.53,2125.0,2038.53,49.0,3.0
ORD-10401,2023-10-27,CUST-961,West,Enterprise,Partner Reseller,Software,Enterprise Pro,1229.08,5,5.0,5838.11,3000.0,2838.11,48.6,4.0
ORD-10402,2023-11-10,CUST-871,East,Mid-Market,Partner Reseller,Software,Enterprise Pro,1216.69,7,0.0,8516.85,4200.0,4316.85,50.7,4.0
ORD-10403,2023-01-03,CUST-380,West,Small Business,Online Store,Software,Starter Lite,152.25,8,10.0,1096.22,600.0,496.22,45.3,5.0
ORD-10404,2023-02-12,CUST-488,South,Mid-Market,Online Store,Software,Enterprise Pro,1249.67,9,0.0,11246.99,5400.0,5846.99,52.0,5.0
ORD-10405,2023-08-06,CUST-624,West,Small Business,Inside Sales,Software,Starter Lite,144.6,3,0.0,433.79,225.0,208.79,48.1,5.0
ORD-10406,2023-07-27,CUST-952,East,Small Business,Online Store,Software,Enterprise Pro,1170.51,6,5.0,6671.91,3600.0,3071.91,46.0,4.0
ORD-10407,2024-03-23,CUST-441,West,Small Business,Online Store,Software,Standard Plus,435.97,4,0.0,1743.88,900.0,843.88,48.4,3.0
ORD-10408,2024-02-11,CUST-315,South,Mid-Market,Inside Sales,Software,Enterprise Pro,1500.0,2,5.0,2850.0,1320.0,1530.0,53.7,4.0
ORD-10409,2024-06-24,CUST-224,West,Small Business,Partner Reseller,Software,Starter Lite,150.19,7,10.0,946.21,525.0,421.21,44.5,4.0
ORD-10410,2023-03-08,CUST-727,East,Small Business,Online Store,Software,Standard Plus,441.64,5,10.0,1987.37,1125.0,862.37,43.4,5.0
ORD-10411,2024-04-22,CUST-342,North,Small Business,Inside Sales,Hardware,Hardware Terminal,885.0,5,0.0,4425.01,2125.0,2300.01,52.0,3.0
ORD-10412,2023-07-26,CUST-277,North,Small Business,Partner Reseller,Software,Starter Lite,157.26,3,5.0,448.19,225.0,223.19,49.8,5.0
ORD-10413,2023-08-03,CUST-100,West,Mid-Market,Direct Sales,Software,Standard Plus,470.06,5,15.0,1997.74,1125.0,872.74,43.7,4.0
ORD-10414,2023-07-07,CUST-455,North,Enterprise,Direct Sales,Software,Standard Plus,460.51,4,5.0,1749.95,900.0,849.95,48.6,5.0
ORD-10415,2023-03-09,CUST-701,Central,Mid-Market,Direct Sales,Hardware,Hardware Terminal,809.0,2,0.0,1618.0,850.0,768.0,47.5,2.0
ORD-10416,2023-12-02,CUST-755,East,Mid-Market,Direct Sales,Software,Enterprise Pro,1233.68,7,0.0,8635.79,4200.0,4435.79,51.4,5.0
ORD-10417,2024-01-23,CUST-673,West,Mid-Market,Partner Reseller,Software,Standard Plus,448.83,5,5.0,2131.96,1125.0,1006.96,47.2,5.0
ORD-10418,2023-01-29,CUST-973,West,Mid-Market,Inside Sales,Software,Starter Lite,145.11,7,10.0,914.19,525.0,389.19,42.6,1.0
ORD-10419,2023-09-12,CUST-303,North,Small Business,Direct Sales,Software,Enterprise Pro,1175.93,8,0.0,9407.45,4800.0,4607.45,49.0,2.0
ORD-10420,2023-01-29,CUST-271,West,Enterprise,Online Store,Software,Standard Plus,428.33,5,0.0,2141.67,1125.0,1016.67,47.5,3.0
ORD-10421,2023-01-31,CUST-934,East,Mid-Market,Online Store,Supplies,Accessories Kit,62.58,5,5.0,297.26,162.5,134.76,45.3,4.0
ORD-10422,2024-02-01,CUST-377,North,Consumer,Online Store,Software,Starter Lite,143.9,6,10.0,777.08,450.0,327.08,42.1,1.0
ORD-10423,2024-05-05,CUST-125,West,Mid-Market,Direct Sales,Software,Standard Plus,458.54,4,20.0,1467.33,900.0,567.33,38.7,5.0
ORD-10424,2023-01-27,CUST-984,East,Enterprise,Partner Reseller,Software,Standard Plus,443.33,5,10.0,1994.97,1125.0,869.97,43.6,4.0
ORD-10425,2023-10-09,CUST-657,East,Enterprise,Partner Reseller,Software,Starter Lite,150.99,6,5.0,860.63,450.0,410.63,47.7,5.0
ORD-10426,2023-02-19,CUST-637,East,Small Business,Inside Sales,Software,Starter Lite,154.98,2,5.0,294.45,150.0,144.45,49.1,4.0
ORD-10427,2023-04-09,CUST-133,West,Mid-Market,Inside Sales,Hardware,Hardware Terminal,886.26,5,0.0,4431.3,2125.0,2306.3,52.0,5.0
ORD-10428,2023-05-11,CUST-396,North,Small Business,Inside Sales,Supplies,Accessories Kit,64.43,8,5.0,489.69,260.0,229.69,46.9,2.0
ORD-10429,2023-05-10,CUST-941,North,Mid-Market,Online Store,Software,Standard Plus,438.04,4,10.0,1576.96,900.0,676.96,42.9,1.0
ORD-10430,2023-07-11,CUST-492,West,Mid-Market,Online Store,Software,Standard Plus,455.51,5,10.0,2049.82,1125.0,924.82,45.1,4.0
ORD-10431,2023-05-29,CUST-605,West,Consumer,Online Store,Software,Standard Plus,457.76,1,5.0,434.87,225.0,209.87,48.3,4.0
ORD-10432,2023-03-17,CUST-705,West,Mid-Market,Partner Reseller,Software,Enterprise Pro,1204.51,3,15.0,3071.5,1800.0,1271.5,41.4,4.0
ORD-10433,2023-06-23,CUST-791,North,Enterprise,Partner Reseller,Supplies,Accessories Kit,65.65,2,0.0,131.29,65.0,66.29,50.5,4.0
ORD-10434,2023-12-07,CUST-390,East,Enterprise,Online Store,Software,Standard Plus,454.85,6,0.0,2729.1,1350.0,1379.1,50.5,2.0
ORD-10435,2023-11-28,CUST-976,West,Mid-Market,Direct Sales,Software,Starter Lite,143.84,7,10.0,906.21,525.0,381.21,42.1,4.0
ORD-10436,2023-09-13,CUST-307,North,Consumer,Direct Sales,Software,Standard Plus,431.85,4,0.0,1727.4,900.0,827.4,47.9,3.0
ORD-10437,2023-06-18,CUST-532,West,Mid-Market,Inside Sales,Hardware,Hardware Terminal,872.0,3,5.0,2485.21,1275.0,1210.21,48.7,2.0
ORD-10438,2023-06-02,CUST-830,North,Mid-Market,Online Store,Software,Standard Plus,449.64,8,5.0,3417.24,1800.0,1617.24,47.3,4.0
ORD-10439,2023-11-22,CUST-838,West,Mid-Market,Inside Sales,Software,Standard Plus,436.97,4,20.0,1398.31,900.0,498.31,35.6,4.0
ORD-10440,2023-01-16,CUST-358,East,Mid-Market,Online Store,Software,Standard Plus,430.95,4,0.0,1723.79,900.0,823.79,47.8,4.0
ORD-10441,2023-04-13,CUST-331,South,Mid-Market,Online Store,Software,Starter Lite,146.73,6,5.0,836.34,450.0,386.34,46.2,3.0
ORD-10442,2024-02-24,CUST-326,North,Consumer,Online Store,Software,Enterprise Pro,1249.76,2,10.0,2249.57,1200.0,1049.57,46.7,4.0
ORD-10443,2023-11-16,CUST-595,North,Mid-Market,Online Store,Software,Starter Lite,157.49,1,0.0,157.49,75.0,82.49,52.4,5.0
ORD-10444,2023-04-10,CUST-917,West,Small Business,Partner Reseller,Software,Enterprise Pro,1152.28,3,0.0,3456.84,1800.0,1656.84,47.9,4.0
ORD-10445,2023-06-15,CUST-582,West,Mid-Market,Inside Sales,Hardware,Hardware Terminal,809.83,3,20.0,1943.6,1275.0,668.6,34.4,4.0
ORD-10446,2024-01-30,CUST-945,East,Enterprise,Online Store,Software,Starter Lite,153.45,7,5.0,1020.43,525.0,495.43,48.6,5.0
ORD-10447,2024-06-04,CUST-869,North,Small Business,Online Store,Software,Starter Lite,145.06,5,0.0,725.31,375.0,350.31,48.3,3.0
ORD-10448,2024-02-03,CUST-382,East,Enterprise,Inside Sales,Software,Enterprise Pro,1183.21,1,0.0,1183.21,600.0,583.21,49.3,2.0
ORD-10449,2023-08-17,CUST-773,North,Consumer,Partner Reseller,Software,Enterprise Pro,1148.7,3,10.0,3101.5,1800.0,1301.5,42.0,5.0
ORD-10450,2024-04-14,CUST-360,South,Consumer,Partner Reseller,Software,Starter Lite,148.51,3,0.0,445.54,225.0,220.54,49.5,4.0
ORD-10451,2023-11-01,CUST-743,South,Small Business,Online Store,Software,Starter Lite,151.92,4,0.0,607.69,300.0,307.69,50.6,2.0
ORD-10452,2024-05-04,CUST-554,West,Small Business,Inside Sales,Software,Standard Plus,445.08,5,0.0,2225.41,1125.0,1100.41,49.4,4.0
ORD-10453,2024-01-01,CUST-715,North,Mid-Market,Partner Reseller,Software,Starter Lite,145.11,4,5.0,551.42,300.0,251.42,45.6,4.0
ORD-10454,2023-03-15,CUST-320,South,Small Business,Direct Sales,Software,Starter Lite,155.45,7,10.0,979.36,525.0,454.36,46.4,4.0
ORD-10455,2024-01-14,CUST-899,South,Enterprise,Direct Sales,Supplies,Accessories Kit,64.25,8,10.0,462.57,260.0,202.57,43.8,4.0
ORD-10456,2023-10-25,CUST-774,East,Mid-Market,Partner Reseller,Software,Enterprise Pro,1224.38,6,10.0,6611.67,3600.0,3011.67,45.6,1.0
ORD-10457,2023-10-29,CUST-296,South,Mid-Market,Inside Sales,Software,Standard Plus,452.79,7,0.0,3169.51,1575.0,1594.51,50.3,4.0
ORD-10458,2023-04-25,CUST-923,East,Mid-Market,Online Store,Software,Starter Lite,148.82,7,5.0,989.67,525.0,464.67,47.0,2.0
ORD-10459,2023-12-26,CUST-192,South,Consumer,Inside Sales,Software,Starter Lite,157.2,5,0.0,786.0,375.0,411.0,52.3,4.0
ORD-10460,2023-07-11,CUST-754,North,Enterprise,Partner Reseller,Software,Standard Plus,455.82,8,10.0,3281.93,1800.0,1481.93,45.2,3.0
ORD-10461,2023-08-11,CUST-462,East,Consumer,Direct Sales,Software,Enterprise Pro,1239.31,4,0.0,4957.25,2400.0,2557.25,51.6,5.0
ORD-10462,2024-01-24,CUST-436,North,Small Business,Partner Reseller,Software,Starter Lite,148.7,5,5.0,706.35,375.0,331.35,46.9,5.0
ORD-10463,2023-07-23,CUST-711,South,Mid-Market,Partner Reseller,Software,Standard Plus,446.12,7,15.0,2654.4,1575.0,1079.4,40.7,3.0
ORD-10464,2024-03-19,CUST-309,Central,Enterprise,Online Store,Software,Standard Plus,453.9,6,15.0,2314.91,1350.0,964.91,41.7,2.0
ORD-10465,2024-01-27,CUST-291,West,Enterprise,Partner Reseller,Software,Standard Plus,451.33,6,15.0,2301.78,1350.0,951.78,41.3,3.0
ORD-10466,2024-06-03,CUST-122,West,Small Business,Online Store,Software,Enterprise Pro,1151.36,4,20.0,3684.36,2400.0,1284.36,34.9,1.0
ORD-10467,2023-04-28,CUST-588,East,Enterprise,Online Store,Software,Standard Plus,447.71,10,20.0,3581.67,2250.0,1331.67,37.2,5.0
ORD-10468,2023-10-17,CUST-791,West,Mid-Market,Inside Sales,Software,Starter Lite,145.42,3,0.0,436.27,225.0,211.27,48.4,4.0
ORD-10469,2023-10-22,CUST-193,North,Enterprise,Partner Reseller,Software,Standard Plus,437.48,4,5.0,1662.42,900.0,762.42,45.9,5.0
ORD-10470,2023-11-23,CUST-942,North,Enterprise,Inside Sales,Software,Standard Plus,466.83,5,10.0,2100.76,1125.0,975.76,46.4,1.0
ORD-10471,2023-05-08,CUST-630,West,Mid-Market,Direct Sales,Software,Starter Lite,157.48,4,0.0,629.91,300.0,329.91,52.4,1.0
ORD-10472,2023-03-18,CUST-724,Central,Enterprise,Online Store,Software,Standard Plus,454.81,4,0.0,1819.26,900.0,919.26,50.5,3.0
ORD-10473,2023-06-14,CUST-565,South,Consumer,Direct Sales,Software,Standard Plus,453.85,4,5.0,1724.65,900.0,824.65,47.8,1.0
ORD-10474,2024-04-19,CUST-816,East,Mid-Market,Online Store,Software,Enterprise Pro,1182.74,3,0.0,3548.23,1800.0,1748.23,49.3,4.0
ORD-10475,2023-04-28,CUST-486,South,Small Business,Inside Sales,Software,Standard Plus,444.43,4,5.0,1688.84,900.0,788.84,46.7,5.0
ORD-10476,2024-04-17,CUST-251,West,Consumer,Online Store,Supplies,Accessories Kit,66.89,3,10.0,180.6,97.5,83.1,46.0,4.0
ORD-10477,2023-11-15,CUST-315,East,Consumer,Inside Sales,Software,Standard Plus,433.31,7,0.0,3033.16,1575.0,1458.16,48.1,4.0
ORD-10478,2023-01-23,CUST-205,North,Enterprise,Direct Sales,Software,Starter Lite,148.6,5,0.0,742.98,375.0,367.98,49.5,4.0
ORD-10479,2023-07-12,CUST-877,West,Small Business,Partner Reseller,Software,Enterprise Pro,1213.16,7,0.0,8492.14,4200.0,4292.14,50.5,3.0
ORD-10480,2024-01-21,CUST-613,West,Mid-Market,Partner Reseller,Hardware,Hardware Terminal,844.73,6,0.0,5068.39,2550.0,2518.39,49.7,4.0
ORD-10481,2023-03-25,CUST-740,South,Mid-Market,Online Store,Software,Standard Plus,469.47,6,10.0,2535.13,1350.0,1185.13,46.7,4.0
ORD-10482,2023-10-13,CUST-262,South,Consumer,Partner Reseller,Software,Starter Lite,152.33,5,0.0,761.66,375.0,386.66,50.8,3.0
ORD-10483,2024-06-24,CUST-484,West,Mid-Market,Inside Sales,Software,Enterprise Pro,1197.87,5,10.0,5390.44,3000.0,2390.44,44.3,5.0
ORD-10484,2023-02-25,CUST-815,East,Mid-Market,Inside Sales,Software,Standard Plus,437.94,8,10.0,3153.19,1800.0,1353.19,42.9,5.0
ORD-10485,2023-10-26,CUST-673,North,Small Business,Partner Reseller,Software,Enterprise Pro,1211.53,4,0.0,4846.11,2400.0,2446.11,50.5,2.0
ORD-10486,2023-11-24,CUST-688,North,Small Business,Inside Sales,Supplies,Accessories Kit,62.76,1,0.0,62.76,32.5,30.26,48.2,4.0
ORD-10487,2024-02-06,CUST-652,Central,Enterprise,Online Store,Software,Standard Plus,440.43,7,0.0,3083.03,1575.0,1508.03,48.9,4.0
ORD-10488,2023-08-03,CUST-541,North,Mid-Market,Direct Sales,Software,Enterprise Pro,1256.7,5,0.0,6283.51,3000.0,3283.51,52.3,4.0
ORD-10489,2023-01-14,CUST-868,East,Mid-Market,Inside Sales,Software,Starter Lite,157.34,6,0.0,944.04,450.0,494.04,52.3,2.0
ORD-10490,2023-10-04,CUST-639,East,Small Business,Online Store,Software,Standard Plus,458.48,6,10.0,2475.77,1350.0,1125.77,45.5,3.0
ORD-10491,2024-06-18,CUST-692,South,Mid-Market,Direct Sales,Software,Enterprise Pro,1500.0,2,5.0,2850.0,1320.0,1530.0,53.7,5.0
ORD-10492,2024-05-09,CUST-392,Central,Small Business,Online Store,Hardware,Hardware Terminal,875.12,1,10.0,787.61,425.0,362.61,46.0,4.0
ORD-10493,2023-05-12,CUST-531,East,Small Business,Online Store,Supplies,Accessories Kit,66.14,6,5.0,377.02,195.0,182.02,48.3,4.0
ORD-10494,2023-11-02,CUST-453,North,Consumer,Online Store,Software,Standard Plus,454.11,4,0.0,1816.44,900.0,916.44,50.5,5.0
ORD-10495,2023-06-03,CUST-942,East,Small Business,Partner Reseller,Software,Standard Plus,428.37,5,5.0,2034.77,1125.0,909.77,44.7,4.0
ORD-10496,2024-02-18,CUST-767,Central,Mid-Market,Inside Sales,Software,Starter Lite,145.19,4,15.0,493.66,300.0,193.66,39.2,4.0
ORD-10497,2024-02-23,CUST-538,South,Mid-Market,Online Store,Software,Starter Lite,154.01,4,15.0,523.63,300.0,223.63,42.7,3.0
ORD-10498,2023-05-12,CUST-309,East,Consumer,Online Store,Supplies,Accessories Kit,62.5,8,0.0,500.0,260.0,240.0,48.0,5.0
ORD-10499,2024-02-18,CUST-801,East,Consumer,Inside Sales,Software,Starter Lite,154.53,2,5.0,293.6,150.0,143.6,48.9,5.0
ORD-10500,2023-05-19,CUST-304,Central,Mid-Market,Inside Sales,Software,Starter Lite,150.99,5,0.0,754.94,375.0,379.94,50.3,4.0
ORD-10501,2024-01-16,CUST-639,South,Small Business,Inside Sales,Software,Starter Lite,149.19,3,15.0,380.42,225.0,155.42,40.9,1.0
ORD-10502,2023-09-02,CUST-723,South,Mid-Market,Direct Sales,Software,Starter Lite,145.93,4,15.0,496.16,300.0,196.16,39.5,5.0
ORD-10503,2024-03-25,CUST-836,North,Enterprise,Direct Sales,Supplies,Accessories Kit,62.57,9,10.0,506.83,292.5,214.33,42.3,5.0
ORD-10504,2024-04-07,CUST-761,East,Small Business,Online Store,Software,Enterprise Pro,1155.9,4,5.0,4392.41,2400.0,1992.41,45.4,4.0
ORD-10505,2023-01-20,CUST-761,West,Mid-Market,Direct Sales,Software,Standard Plus,470.11,3,0.0,1410.33,675.0,735.33,52.1,3.0
ORD-10506,2023-05-11,CUST-986,North,Small Business,Direct Sales,Supplies,Accessories Kit,64.0,7,5.0,425.6,227.5,198.1,46.5,5.0
ORD-10507,2023-03-17,CUST-649,West,Enterprise,Direct Sales,Software,Standard Plus,443.54,4,0.0,1774.15,900.0,874.15,49.3,5.0
ORD-10508,2024-02-06,CUST-455,Central,Small Business,Direct Sales,Hardware,Hardware Terminal,808.3,2,0.0,1616.6,850.0,766.6,47.4,5.0
ORD-10509,2023-05-28,CUST-727,West,Consumer,Online Store,Software,Standard Plus,469.47,6,0.0,2816.81,1350.0,1466.81,52.1,4.0
ORD-10510,2023-12-18,CUST-306,North,Mid-Market,Inside Sales,Software,Enterprise Pro,1188.48,6,10.0,6417.78,3600.0,2817.78,43.9,4.0
ORD-10511,2023-06-21,CUST-546,South,Mid-Market,Partner Reseller,Software,Starter Lite,148.99,3,0.0,446.96,225.0,221.96,49.7,4.0
ORD-10512,2024-01-08,CUST-880,East,Small Business,Inside Sales,Software,Enterprise Pro,1170.94,1,15.0,995.3,600.0,395.3,39.7,4.0
ORD-10513,2023-07-13,CUST-328,West,Small Business,Partner Reseller,Software,Enterprise Pro,1145.18,4,0.0,4580.72,2400.0,2180.72,47.6,4.0
ORD-10514,2023-07-29,CUST-394,West,Consumer,Inside Sales,Software,Standard Plus,438.51,4,0.0,1754.05,900.0,854.05,48.7,5.0
ORD-10515,2023-06-07,CUST-541,North,Small Business,Direct Sales,Software,Enterprise Pro,1204.08,6,5.0,6863.28,3600.0,3263.28,47.5,5.0
ORD-10516,2023-08-06,CUST-898,East,Mid-Market,Online Store,Software,Enterprise Pro,1250.13,5,0.0,6250.66,3000.0,3250.66,52.0,3.0
ORD-10517,2023-09-26,CUST-291,West,Mid-Market,Partner Reseller,Software,Starter Lite,156.94,7,0.0,1098.55,525.0,573.55,52.2,5.0
ORD-10518,2023-04-17,CUST-959,South,Mid-Market,Inside Sales,Software,Starter Lite,155.4,4,10.0,559.43,300.0,259.43,46.4,4.0
ORD-10519,2023-07-05,CUST-672,North,Consumer,Partner Reseller,Software,Standard Plus,442.11,5,10.0,1989.5,1125.0,864.5,43.5,5.0
ORD-10520,2023-05-03,CUST-339,West,Consumer,Partner Reseller,Software,Standard Plus,461.58,3,0.0,1384.75,675.0,709.75,51.3,5.0
ORD-10521,2024-05-17,CUST-986,South,Mid-Market,Online Store,Software,Standard Plus,469.53,3,15.0,1197.3,675.0,522.3,43.6,3.0
ORD-10522,2023-07-18,CUST-860,West,Consumer,Online Store,Software,Standard Plus,469.7,5,0.0,2348.48,1125.0,1223.48,52.1,5.0
ORD-10523,2023-01-13,CUST-286,North,Consumer,Inside Sales,Software,Standard Plus,461.91,4,15.0,1570.49,900.0,670.49,42.7,3.0
ORD-10524,2024-06-26,CUST-766,South,Small Business,Online Store,Software,Enterprise Pro,1500.0,3,10.0,4050.0,1980.0,2070.0,51.1,4.0
ORD-10525,2023-06-14,CUST-558,North,Consumer,Online Store,Software,Starter Lite,156.37,8,0.0,1251.0,600.0,651.0,52.0,5.0
ORD-10526,2023-03-11,CUST-659,West,Mid-Market,Partner Reseller,Software,Standard Plus,470.88,4,0.0,1883.5,900.0,983.5,52.2,4.0
ORD-10527,2024-05-12,CUST-257,West,Small Business,Direct Sales,Software,Standard Plus,455.51,2,5.0,865.48,450.0,415.48,48.0,3.0
ORD-10528,2024-03-08,CUST-148,Central,Small Business,Inside Sales,Supplies,Accessories Kit,62.79,2,10.0,113.03,65.0,48.03,42.5,5.0
ORD-10529,2023-11-12,CUST-145,South,Small Business,Direct Sales,Supplies,Accessories Kit,66.88,5,5.0,317.68,162.5,155.18,48.8,1.0
ORD-10530,2023-06-19,CUST-882,East,Mid-Market,Online Store,Software,Standard Plus,454.85,5,10.0,2046.81,1125.0,921.81,45.0,4.0
ORD-10531,2024-06-22,CUST-770,West,Mid-Market,Inside Sales,Software,Starter Lite,146.53,6,5.0,835.21,450.0,385.21,46.1,4.0
ORD-10532,2023-04-22,CUST-988,East,Mid-Market,Direct Sales,Hardware,Hardware Terminal,849.69,6,5.0,4843.2,2550.0,2293.2,47.3,4.0
ORD-10533,2023-05-27,CUST-563,Central,Enterprise,Online Store,Supplies,Accessories Kit,67.31,5,0.0,336.56,162.5,174.06,51.7,4.0
ORD-10534,2024-01-14,CUST-665,West,Enterprise,Online Store,Software,Starter Lite,152.75,3,0.0,458.25,225.0,233.25,50.9,4.0
ORD-10535,2023-06-27,CUST-718,East,Consumer,Partner Reseller,Software,Standard Plus,451.65,3,0.0,1354.94,675.0,679.94,50.2,3.0
ORD-10536,2024-04-08,CUST-668,North,Small Business,Direct Sales,Hardware,Hardware Terminal,849.63,5,0.0,4248.17,2125.0,2123.17,50.0,4.0
ORD-10537,2023-03-31,CUST-936,South,Mid-Market,Partner Reseller,Software,Standard Plus,459.64,3,5.0,1309.96,675.0,634.96,48.5,3.0
ORD-10538,2023-03-09,CUST-670,South,Mid-Market,Inside Sales,Software,Standard Plus,435.75,4,5.0,1655.86,900.0,755.86,45.6,4.0
ORD-10539,2024-05-06,CUST-275,West,Consumer,Direct Sales,Software,Starter Lite,144.51,2,0.0,289.03,150.0,139.03,48.1,4.0
ORD-10540,2024-01-22,CUST-433,West,Enterprise,Direct Sales,Software,Starter Lite,146.36,8,0.0,1170.85,600.0,570.85,48.8,4.0
ORD-10541,2023-05-22,CUST-657,Central,Consumer,Inside Sales,Software,Starter Lite,155.56,3,10.0,420.02,225.0,195.02,46.4,4.0
ORD-10542,2024-04-16,CUST-592,North,Mid-Market,Online Store,Hardware,Hardware Terminal,886.83,7,0.0,6207.83,2975.0,3232.83,52.1,5.0
ORD-10543,2023-10-13,CUST-220,South,Small Business,Direct Sales,Software,Enterprise Pro,1500.0,2,15.0,2550.0,1320.0,1230.0,48.2,5.0
ORD-10544,2023-07-16,CUST-599,West,Small Business,Partner Reseller,Software,Standard Plus,454.93,5,0.0,2274.63,1125.0,1149.63,50.5,5.0
ORD-10545,2023-02-11,CUST-516,North,Enterprise,Partner Reseller,Hardware,Hardware Terminal,878.55,9,10.0,7116.29,3825.0,3291.29,46.3,3.0
ORD-10546,2024-02-20,CUST-589,East,Enterprise,Inside Sales,Software,Enterprise Pro,1210.91,2,5.0,2300.73,1200.0,1100.73,47.8,5.0
ORD-10547,2023-11-22,CUST-571,East,Consumer,Inside Sales,Software,Standard Plus,450.36,6,10.0,2431.92,1350.0,1081.92,44.5,4.0
ORD-10548,2023-04-20,CUST-644,West,Small Business,Partner Reseller,Software,Enterprise Pro,1254.17,4,0.0,5016.67,2400.0,2616.67,52.2,4.0
ORD-10549,2023-01-10,CUST-912,South,Mid-Market,Inside Sales,Software,Standard Plus,432.91,4,10.0,1558.47,900.0,658.47,42.3,4.0
ORD-10550,2023-01-08,CUST-779,North,Small Business,Inside Sales,Hardware,Hardware Terminal,892.28,6,0.0,5353.69,2550.0,2803.69,52.4,3.0
ORD-10551,2023-12-04,CUST-649,West,Consumer,Direct Sales,Software,Standard Plus,435.55,4,10.0,1567.97,900.0,667.97,42.6,5.0
ORD-10552,2024-06-24,CUST-128,South,Consumer,Direct Sales,Software,Starter Lite,144.68,5,0.0,723.42,375.0,348.42,48.2,4.0
ORD-10553,2023-02-08,CUST-572,East,Mid-Market,Online Store,Software,Enterprise Pro,1146.76,3,20.0,2752.22,1800.0,952.22,34.6,1.0
ORD-10554,2023-08-17,CUST-879,North,Mid-Market,Inside Sales,Software,Starter Lite,154.68,4,5.0,587.78,300.0,287.78,49.0,5.0
ORD-10555,2023-09-17,CUST-721,North,Enterprise,Online Store,Software,Starter Lite,154.05,8,0.0,1232.37,600.0,632.37,51.3,4.0
ORD-10556,2023-07-19,CUST-949,East,Small Business,Partner Reseller,Software,Standard Plus,460.78,5,5.0,2188.72,1125.0,1063.72,48.6,4.0
ORD-10557,2023-11-27,CUST-702,North,Small Business,Direct Sales,Software,Starter Lite,157.45,8,0.0,1259.6,600.0,659.6,52.4,5.0
ORD-10558,2023-04-14,CUST-913,North,Small Business,Inside Sales,Software,Enterprise Pro,1179.2,1,5.0,1120.24,600.0,520.24,46.4,4.0
ORD-10559,2023-06-14,CUST-651,North,Enterprise,Direct Sales,Software,Starter Lite,153.72,2,20.0,245.96,150.0,95.96,39.0,5.0
ORD-10560,2023-02-17,CUST-937,South,Mid-Market,Inside Sales,Software,Starter Lite,154.65,1,5.0,146.92,75.0,71.92,49.0,2.0
ORD-10561,2024-04-13,CUST-519,East,Small Business,Inside Sales,Software,Starter Lite,153.62,5,5.0,729.72,375.0,354.72,48.6,4.0
ORD-10562,2023-09-06,CUST-668,South,Consumer,Online Store,Hardware,Hardware Terminal,840.78,6,0.0,5044.68,2550.0,2494.68,49.5,5.0
ORD-10563,2024-06-12,CUST-774,East,Small Business,Direct Sales,Hardware,Hardware Terminal,836.49,5,10.0,3764.2,2125.0,1639.2,43.5,5.0
ORD-10564,2023-05-21,CUST-543,Central,Mid-Market,Inside Sales,Software,Starter Lite,151.22,4,0.0,604.89,300.0,304.89,50.4,4.0
ORD-10565,2023-02-02,CUST-447,South,Small Business,Partner Reseller,Software,Starter Lite,148.22,7,0.0,1037.53,525.0,512.53,49.4,5.0
ORD-10566,2023-01-18,CUST-837,South,Mid-Market,Direct Sales,Software,Enterprise Pro,1215.72,6,5.0,6929.63,3600.0,3329.63,48.0,5.0
ORD-10567,2023-09-02,CUST-100,Central,Enterprise,Inside Sales,Supplies,Accessories Kit,67.45,3,5.0,192.23,97.5,94.73,49.3,3.0
ORD-10568,2023-03-27,CUST-397,West,Consumer,Online Store,Software,Standard Plus,468.58,6,0.0,2811.45,1350.0,1461.45,52.0,2.0
ORD-10569,2023-08-21,CUST-480,South,Mid-Market,Direct Sales,Hardware,Hardware Terminal,812.2,3,5.0,2314.78,1275.0,1039.78,44.9,3.0
ORD-10570,2024-03-03,CUST-140,South,Enterprise,Online Store,Software,Standard Plus,465.26,1,0.0,465.26,225.0,240.26,51.6,1.0
ORD-10571,2023-10-23,CUST-304,Central,Mid-Market,Online Store,Software,Starter Lite,150.19,4,5.0,570.72,300.0,270.72,47.4,4.0
ORD-10572,2024-05-16,CUST-708,West,Consumer,Direct Sales,Software,Standard Plus,439.1,7,5.0,2919.99,1575.0,1344.99,46.1,5.0
ORD-10573,2023-11-03,CUST-195,West,Mid-Market,Direct Sales,Software,Starter Lite,143.24,6,20.0,687.55,450.0,237.55,34.6,1.0
ORD-10574,2024-02-17,CUST-722,South,Small Business,Online Store,Software,Standard Plus,465.9,4,5.0,1770.42,900.0,870.42,49.2,5.0
ORD-10575,2024-04-25,CUST-365,North,Mid-Market,Inside Sales,Software,Starter Lite,149.63,4,0.0,598.52,300.0,298.52,49.9,4.0
ORD-10576,2023-04-15,CUST-549,North,Consumer,Direct Sales,Software,Enterprise Pro,1247.25,6,5.0,7109.34,3600.0,3509.34,49.4,4.0
ORD-10577,2023-04-05,CUST-310,West,Enterprise,Partner Reseller,Software,Enterprise Pro,1222.6,4,5.0,4645.88,2400.0,2245.88,48.3,4.0
ORD-10578,2023-10-20,CUST-296,Central,Enterprise,Partner Reseller,Software,Starter Lite,146.56,3,0.0,439.67,225.0,214.67,48.8,5.0
ORD-10579,2023-08-09,CUST-435,West,Mid-Market,Inside Sales,Software,Standard Plus,432.76,7,10.0,2726.36,1575.0,1151.36,42.2,3.0
ORD-10580,2024-03-10,CUST-898,East,Enterprise,Online Store,Supplies,Accessories Kit,67.09,4,0.0,268.35,130.0,138.35,51.6,2.0
ORD-10581,2024-05-19,CUST-160,West,Mid-Market,Inside Sales,Hardware,Hardware Terminal,842.02,9,10.0,6820.34,3825.0,2995.34,43.9,5.0
ORD-10582,2023-05-05,CUST-125,East,Mid-Market,Online Store,Hardware,Hardware Terminal,846.34,7,0.0,5924.38,2975.0,2949.38,49.8,5.0
ORD-10583,2024-05-13,CUST-185,East,Small Business,Partner Reseller,Software,Enterprise Pro,1161.98,7,5.0,7727.19,4200.0,3527.19,45.6,4.0
ORD-10584,2024-04-20,CUST-453,Central,Mid-Market,Partner Reseller,Software,Enterprise Pro,1193.89,3,0.0,3581.68,1800.0,1781.68,49.7,4.0
ORD-10585,2023-03-16,CUST-857,South,Small Business,Partner Reseller,Software,Starter Lite,155.26,11,0.0,1707.81,825.0,882.81,51.7,3.0
ORD-10586,2023-03-18,CUST-846,South,Consumer,Partner Reseller,Software,Starter Lite,153.94,5,0.0,769.72,375.0,394.72,51.3,4.0
ORD-10587,2024-03-30,CUST-373,Central,Enterprise,Online Store,Software,Standard Plus,435.23,7,10.0,2741.93,1575.0,1166.93,42.6,4.0
ORD-10588,2024-02-11,CUST-585,East,Small Business,Direct Sales,Software,Enterprise Pro,1202.42,3,0.0,3607.27,1800.0,1807.27,50.1,4.0
ORD-10589,2024-05-31,CUST-290,East,Enterprise,Partner Reseller,Hardware,Hardware Terminal,888.33,6,0.0,5329.98,2550.0,2779.98,52.2,1.0
ORD-10590,2024-03-15,CUST-280,West,Mid-Market,Online Store,Software,Standard Plus,445.6,5,10.0,2005.21,1125.0,880.21,43.9,5.0
ORD-10591,2023-01-19,CUST-639,North,Mid-Market,Partner Reseller,Software,Standard Plus,471.9,2,0.0,943.8,450.0,493.8,52.3,4.0
ORD-10592,2023-10-09,CUST-334,East,Small Business,Online Store,Software,Standard Plus,466.57,2,20.0,746.52,450.0,296.52,39.7,3.0
ORD-10593,2023-03-24,CUST-827,North,Consumer,Inside Sales,Software,Standard Plus,444.5,6,0.0,2667.01,1350.0,1317.01,49.4,4.0
ORD-10594,2024-02-20,CUST-874,East,Enterprise,Partner Reseller,Software,Enterprise Pro,1244.99,5,15.0,5291.22,3000.0,2291.22,43.3,5.0
ORD-10595,2023-03-21,CUST-158,North,Mid-Market,Inside Sales,Software,Starter Lite,145.02,7,0.0,1015.17,525.0,490.17,48.3,4.0
ORD-10596,2023-09-08,CUST-891,West,Enterprise,Inside Sales,Software,Standard Plus,459.46,7,5.0,3055.39,1575.0,1480.39,48.5,4.0
ORD-10597,2023-11-18,CUST-915,South,Small Business,Direct Sales,Software,Standard Plus,438.62,5,10.0,1973.81,1125.0,848.81,43.0,5.0
ORD-10598,2024-02-28,CUST-266,North,Mid-Market,Direct Sales,Software,Enterprise Pro,1238.03,2,0.0,2476.05,1200.0,1276.05,51.5,1.0
ORD-10599,2024-04-04,CUST-848,South,Small Business,Online Store,Software,Starter Lite,143.0,4,10.0,514.82,300.0,214.82,41.7,3.0
ORD-10600,2023-12-19,CUST-557,North,Enterprise,Partner Reseller,Software,Standard Plus,430.85,3,0.0,1292.56,675.0,617.56,47.8,4.0
ORD-10601,2024-06-15,CUST-441,West,Enterprise,Direct Sales,Software,Enterprise Pro,1197.53,4,10.0,4311.11,2400.0,1911.11,44.3,4.0
ORD-10602,2023-01-05,CUST-572,North,Enterprise,Partner Reseller,Software,Enterprise Pro,1147.11,9,10.0,9291.57,5400.0,3891.57,41.9,2.0
ORD-10603,2024-01-17,CUST-558,South,Small Business,Direct Sales,Software,Starter Lite,149.44,8,10.0,1075.95,600.0,475.95,44.2,5.0
ORD-10604,2024-06-12,CUST-745,East,Small Business,Inside Sales,Hardware,Hardware Terminal,882.28,1,0.0,882.28,425.0,457.28,51.8,1.0
ORD-10605,2023-04-18,CUST-803,Central,Mid-Market,Inside Sales,Software,Enterprise Pro,1146.2,5,0.0,5731.01,3000.0,2731.01,47.7,3.0
ORD-10606,2023-01-24,CUST-341,North,Mid-Market,Direct Sales,Software,Standard Plus,454.85,6,10.0,2456.17,1350.0,1106.17,45.0,4.0
ORD-10607,2023-06-07,CUST-380,South,Mid-Market,Partner Reseller,Software,Standard Plus,471.4,5,5.0,2239.14,1125.0,1114.14,49.8,4.0
ORD-10608,2023-12-30,CUST-403,North,Enterprise,Partner Reseller,Software,Starter Lite,147.87,2,10.0,266.16,150.0,116.16,43.6,3.0
ORD-10609,2023-11-21,CUST-399,East,Small Business,Online Store,Supplies,Accessories Kit,65.15,4,0.0,260.61,130.0,130.61,50.1,4.0
ORD-10610,2024-06-30,CUST-990,East,Enterprise,Inside Sales,Software,Enterprise Pro,1234.0,6,0.0,7403.99,3600.0,3803.99,51.4,3.0
ORD-10611,2023-01-05,CUST-850,North,Enterprise,Online Store,Hardware,Hardware Terminal,809.38,4,5.0,3075.65,1700.0,1375.65,44.7,4.0
ORD-10612,2023-07-26,CUST-342,South,Small Business,Direct Sales,Software,Enterprise Pro,1247.58,5,0.0,6237.88,3000.0,3237.88,51.9,4.0
ORD-10613,2023-05-21,CUST-214,Central,Small Business,Partner Reseller,Software,Enterprise Pro,1177.06,7,10.0,7415.49,4200.0,3215.49,43.4,4.0
ORD-10614,2024-01-25,CUST-114,North,Enterprise,Inside Sales,Software,Enterprise Pro,1169.75,6,0.0,7018.51,3600.0,3418.51,48.7,5.0
ORD-10615,2024-06-08,CUST-376,North,Small Business,Direct Sales,Software,Enterprise Pro,1257.36,5,0.0,6286.8,3000.0,3286.8,52.3,5.0
ORD-10616,2024-01-26,CUST-224,North,Small Business,Partner Reseller,Hardware,Hardware Terminal,858.18,3,0.0,2574.53,1275.0,1299.53,50.5,5.0
ORD-10617,2023-12-03,CUST-218,North,Small Business,Online Store,Software,Starter Lite,144.94,4,0.0,579.77,300.0,279.77,48.3,4.0
ORD-10618,2024-04-13,CUST-284,West,Mid-Market,Inside Sales,Software,Enterprise Pro,1206.85,4,5.0,4586.01,2400.0,2186.01,47.7,5.0
ORD-10619,2024-03-06,CUST-462,North,Consumer,Online Store,Software,Standard Plus,431.81,8,15.0,2936.28,1800.0,1136.28,38.7,5.0
ORD-10620,2024-01-17,CUST-601,North,Consumer,Inside Sales,Software,Enterprise Pro,1172.93,11,0.0,12902.22,6600.0,6302.22,48.8,4.0
ORD-10621,2023-09-12,CUST-578,South,Enterprise,Partner Reseller,Hardware,Hardware Terminal,834.08,3,0.0,2502.23,1275.0,1227.23,49.0,2.0
ORD-10622,2023-03-04,CUST-862,North,Small Business,Partner Reseller,Hardware,Hardware Terminal,884.62,2,10.0,1592.31,850.0,742.31,46.6,5.0
ORD-10623,2023-11-27,CUST-716,East,Mid-Market,Partner Reseller,Software,Standard Plus,449.46,6,0.0,2696.77,1350.0,1346.77,49.9,3.0
ORD-10624,2023-02-16,CUST-206,South,Small Business,Partner Reseller,Software,Standard Plus,434.75,3,0.0,1304.25,675.0,629.25,48.2,5.0
ORD-10625,2023-08-08,CUST-336,East,Enterprise,Online Store,Hardware,Hardware Terminal,883.54,4,10.0,3180.75,1700.0,1480.75,46.6,4.0
ORD-10626,2023-05-08,CUST-143,West,Small Business,Partner Reseller,Software,Standard Plus,445.85,7,0.0,3120.94,1575.0,1545.94,49.5,4.0
ORD-10627,2023-02-13,CUST-621,East,Mid-Market,Inside Sales,Software,Standard Plus,467.95,4,15.0,1591.02,900.0,691.02,43.4,5.0
ORD-10628,2024-06-24,CUST-948,North,Small Business,Inside Sales,Software,Standard Plus,449.99,3,0.0,1349.96,675.0,674.96,50.0,4.0
ORD-10629,2023-05-27,CUST-255,North,Small Business,Partner Reseller,Software,Enterprise Pro,1234.88,7,15.0,7347.56,4200.0,3147.56,42.8,1.0
ORD-10630,2023-03-15,CUST-833,North,Enterprise,Inside Sales,Software,Standard Plus,460.98,6,5.0,2627.6,1350.0,1277.6,48.6,4.0
ORD-10631,2024-02-28,CUST-623,West,Small Business,Inside Sales,Software,Standard Plus,444.98,8,5.0,3381.88,1800.0,1581.88,46.8,5.0
ORD-10632,2023-05-01,CUST-902,West,Small Business,Partner Reseller,Software,Enterprise Pro,1150.78,6,0.0,6904.67,3600.0,3304.67,47.9,4.0
ORD-10633,2024-06-18,CUST-601,South,Small Business,Inside Sales,Software,Standard Plus,432.05,2,5.0,820.89,450.0,370.89,45.2,4.0
ORD-10634,2023-11-30,CUST-988,West,Mid-Market,Online Store,Software,Standard Plus,457.71,2,0.0,915.42,450.0,465.42,50.8,4.0
ORD-10635,2023-08-23,CUST-785,West,Enterprise,Online Store,Hardware,Hardware Terminal,836.33,5,5.0,3972.56,2125.0,1847.56,46.5,2.0
ORD-10636,2023-08-20,CUST-372,West,Small Business,Inside Sales,Software,Standard Plus,457.57,5,0.0,2287.84,1125.0,1162.84,50.8,5.0
ORD-10637,2023-06-09,CUST-555,North,Mid-Market,Inside Sales,Software,Starter Lite,144.7,5,0.0,723.52,375.0,348.52,48.2,4.0
ORD-10638,2023-03-29,CUST-522,South,Mid-Market,Online Store,Software,Enterprise Pro,1182.87,6,0.0,7097.21,3600.0,3497.21,49.3,4.0
ORD-10639,2024-06-19,CUST-373,Central,Enterprise,Online Store,Software,Enterprise Pro,1218.65,5,0.0,6093.25,3000.0,3093.25,50.8,1.0
ORD-10640,2024-01-18,CUST-501,West,Mid-Market,Inside Sales,Software,Standard Plus,466.93,3,15.0,1190.68,675.0,515.68,43.3,1.0
ORD-10641,2024-05-31,CUST-705,Central,Mid-Market,Direct Sales,Software,Starter Lite,151.62,6,0.0,909.72,450.0,459.72,50.5,2.0
ORD-10642,2023-02-15,CUST-814,East,Small Business,Partner Reseller,Software,Enterprise Pro,1250.02,5,0.0,6250.08,3000.0,3250.08,52.0,4.0
ORD-10643,2023-11-11,CUST-841,West,Enterprise,Online Store,Supplies,Accessories Kit,67.02,2,5.0,127.33,65.0,62.33,49.0,4.0
ORD-10644,2024-01-25,CUST-687,West,Enterprise,Inside Sales,Software,Standard Plus,469.9,5,0.0,2349.5,1125.0,1224.5,52.1,4.0
ORD-10645,2024-03-09,CUST-865,East,Small Business,Inside Sales,Software,Starter Lite,154.58,3,0.0,463.73,225.0,238.73,51.5,1.0
ORD-10646,2023-04-05,CUST-745,North,Small Business,Direct Sales,Supplies,Accessories Kit,65.61,4,5.0,249.33,130.0,119.33,47.9,4.0
ORD-10647,2024-05-05,CUST-327,South,Enterprise,Partner Reseller,Software,Standard Plus,443.99,3,0.0,1331.97,675.0,656.97,49.3,5.0
ORD-10648,2024-04-27,CUST-679,South,Mid-Market,Partner Reseller,Hardware,Hardware Terminal,855.51,5,10.0,3849.79,2125.0,1724.79,44.8,4.0
ORD-10649,2023-08-14,CUST-679,West,Small Business,Partner Reseller,Hardware,Hardware Terminal,843.67,7,10.0,5315.14,2975.0,2340.14,44.0,4.0
ORD-10650,2023-11-17,CUST-783,South,Enterprise,Inside Sales,Software,Standard Plus,458.84,7,0.0,3211.9,1575.0,1636.9,51.0,4.0
ORD-10651,2024-01-08,CUST-468,East,Mid-Market,Direct Sales,Software,Standard Plus,429.36,6,5.0,2447.32,1350.0,1097.32,44.8,3.0
ORD-10652,2023-05-01,CUST-553,Central,Mid-Market,Direct Sales,Software,Starter Lite,143.28,4,5.0,544.48,300.0,244.48,44.9,3.0
ORD-10653,2024-06-01,CUST-859,West,Small Business,Partner Reseller,Software,Enterprise Pro,1244.71,2,10.0,2240.48,1200.0,1040.48,46.4,4.0
ORD-10654,2023-03-03,CUST-761,Central,Mid-Market,Online Store,Software,Standard Plus,445.13,2,0.0,890.26,450.0,440.26,49.5,4.0
ORD-10655,2024-01-31,CUST-754,North,Mid-Market,Online Store,Software,Enterprise Pro,1240.77,8,5.0,9429.87,4800.0,4629.87,49.1,5.0
ORD-10656,2023-03-22,CUST-574,South,Small Business,Online Store,Supplies,Accessories Kit,62.61,8,0.0,500.85,260.0,240.85,48.1,5.0
ORD-10657,2024-02-17,CUST-217,South,Mid-Market,Partner Reseller,Software,Standard Plus,460.51,7,10.0,2901.23,1575.0,1326.23,45.7,4.0
ORD-10658,2023-01-05,CUST-219,West,Mid-Market,Inside Sales,Software,Enterprise Pro,1252.39,5,0.0,6261.94,3000.0,3261.94,52.1,4.0
ORD-10659,2023-12-17,CUST-955,South,Enterprise,Online Store,Software,Starter Lite,143.13,6,15.0,729.95,450.0,279.95,38.4,4.0
ORD-10660,2023-03-03,CUST-407,South,Small Business,Partner Reseller,Software,Starter Lite,153.69,9,15.0,1175.74,675.0,500.74,42.6,4.0
ORD-10661,2023-06-23,CUST-933,East,Mid-Market,Inside Sales,Hardware,Hardware Terminal,842.11,7,5.0,5600.02,2975.0,2625.02,46.9,4.0
ORD-10662,2023-08-24,CUST-746,West,Small Business,Inside Sales,Hardware,Hardware Terminal,830.53,11,0.0,9135.85,4675.0,4460.85,48.8,3.0
ORD-10663,2023-01-24,CUST-972,North,Mid-Market,Partner Reseller,Software,Enterprise Pro,1145.74,2,5.0,2176.9,1200.0,976.9,44.9,3.0
ORD-10664,2023-04-28,CUST-146,North,Mid-Market,Inside Sales,Software,Starter Lite,156.81,1,10.0,141.13,75.0,66.13,46.9,5.0
ORD-10665,2024-06-05,CUST-468,West,Enterprise,Inside Sales,Hardware,Hardware Terminal,881.89,4,5.0,3351.19,1700.0,1651.19,49.3,4.0
ORD-10666,2024-05-15,CUST-950,North,Consumer,Partner Reseller,Software,Starter Lite,147.44,4,5.0,560.28,300.0,260.28,46.5,4.0
ORD-10667,2023-06-17,CUST-571,West,Mid-Market,Inside Sales,Software,Starter Lite,156.42,8,5.0,1188.78,600.0,588.78,49.5,4.0
ORD-10668,2024-02-28,CUST-258,North,Mid-Market,Direct Sales,Software,Enterprise Pro,1156.7,2,5.0,2197.73,1200.0,997.73,45.4,3.0
ORD-10669,2023-04-20,CUST-585,South,Small Business,Inside Sales,Software,Starter Lite,145.04,4,5.0,551.14,300.0,251.14,45.6,5.0
ORD-10670,2024-01-07,CUST-231,East,Small Business,Partner Reseller,Software,Standard Plus,430.95,8,0.0,3447.58,1800.0,1647.58,47.8,5.0
ORD-10671,2023-09-05,CUST-565,South,Consumer,Inside Sales,Supplies,Accessories Kit,65.08,7,15.0,387.22,227.5,159.72,41.2,4.0
ORD-10672,2023-10-04,CUST-381,South,Small Business,Online Store,Software,Starter Lite,153.72,5,10.0,691.74,375.0,316.74,45.8,3.0
ORD-10673,2023-11-18,CUST-998,West,Mid-Market,Inside Sales,Software,Enterprise Pro,1199.86,9,0.0,10798.78,5400.0,5398.78,50.0,5.0
ORD-10674,2023-08-07,CUST-542,North,Small Business,Online Store,Supplies,Accessories Kit,64.75,9,0.0,582.72,292.5,290.22,49.8,4.0
ORD-10675,2023-05-17,CUST-664,West,Consumer,Inside Sales,Software,Enterprise Pro,1238.67,4,15.0,4211.46,2400.0,1811.46,43.0,3.0
ORD-10676,2024-03-17,CUST-205,East,Enterprise,Online Store,Software,Starter Lite,150.47,5,10.0,677.11,375.0,302.11,44.6,5.0
ORD-10677,2023-04-06,CUST-148,South,Consumer,Inside Sales,Software,Starter Lite,155.64,3,15.0,396.89,225.0,171.89,43.3,3.0
ORD-10678,2023-04-25,CUST-347,South,Mid-Market,Online Store,Software,Starter Lite,153.3,5,0.0,766.48,375.0,391.48,51.1,2.0
ORD-10679,2023-08-02,CUST-237,South,Mid-Market,Inside Sales,Software,Starter Lite,150.9,2,5.0,286.71,150.0,136.71,47.7,4.0
ORD-10680,2024-03-08,CUST-659,South,Mid-Market,Direct Sales,Software,Standard Plus,430.17,2,5.0,817.32,450.0,367.32,44.9,4.0
ORD-10681,2024-04-21,CUST-665,West,Enterprise,Online Store,Hardware,Hardware Terminal,823.55,10,5.0,7823.76,4250.0,3573.76,45.7,5.0
ORD-10682,2024-01-03,CUST-853,South,Mid-Market,Online Store,Software,Starter Lite,151.52,5,0.0,757.6,375.0,382.6,50.5,4.0
ORD-10683,2023-06-30,CUST-231,North,Consumer,Online Store,Hardware,Hardware Terminal,865.61,6,0.0,5193.69,2550.0,2643.69,50.9,1.0
ORD-10684,2023-11-20,CUST-251,East,Small Business,Direct Sales,Software,Standard Plus,432.27,10,15.0,3674.28,2250.0,1424.28,38.8,2.0
ORD-10685,2024-04-20,CUST-967,East,Consumer,Partner Reseller,Hardware,Hardware Terminal,844.27,1,0.0,844.27,425.0,419.27,49.7,4.0
ORD-10686,2024-05-25,CUST-393,South,Enterprise,Inside Sales,Software,Starter Lite,156.44,7,5.0,1040.29,525.0,515.29,49.5,4.0
ORD-10687,2024-06-02,CUST-564,North,Small Business,Inside Sales,Software,Enterprise Pro,1196.33,4,5.0,4546.06,2400.0,2146.06,47.2,5.0
ORD-10688,2024-05-16,CUST-279,South,Small Business,Partner Reseller,Software,Standard Plus,460.32,5,10.0,2071.46,1125.0,946.46,45.7,5.0
ORD-10689,2024-05-07,CUST-783,North,Enterprise,Partner Reseller,Software,Standard Plus,443.07,3,5.0,1262.74,675.0,587.74,46.5,4.0
ORD-10690,2023-09-11,CUST-574,South,Enterprise,Online Store,Software,Enterprise Pro,1500.0,1,5.0,1425.0,660.0,765.0,53.7,5.0
ORD-10691,2023-05-26,CUST-900,South,Mid-Market,Direct Sales,Supplies,Accessories Kit,64.21,6,0.0,385.29,195.0,190.29,49.4,4.0
ORD-10692,2024-02-14,CUST-838,Central,Small Business,Online Store,Software,Standard Plus,434.6,4,15.0,1477.63,900.0,577.63,39.1,3.0
ORD-10693,2023-07-05,CUST-336,Central,Mid-Market,Partner Reseller,Software,Standard Plus,460.75,7,0.0,3225.28,1575.0,1650.28,51.2,4.0
ORD-10694,2024-01-01,CUST-488,Central,Enterprise,Partner Reseller,Software,Enterprise Pro,1145.27,2,0.0,2290.54,1200.0,1090.54,47.6,4.0
ORD-10695,2023-01-08,CUST-998,West,Consumer,Partner Reseller,Software,Standard Plus,448.69,6,20.0,2153.72,1350.0,803.72,37.3,5.0
ORD-10696,2024-02-20,CUST-873,South,Consumer,Partner Reseller,Software,Starter Lite,152.52,11,20.0,1342.17,825.0,517.17,38.5,2.0
ORD-10697,2023-07-13,CUST-998,West,Mid-Market,Partner Reseller,Hardware,Hardware Terminal,841.53,10,0.0,8415.3,4250.0,4165.3,49.5,5.0
ORD-10698,2023-08-21,CUST-513,East,Enterprise,Inside Sales,Software,Enterprise Pro,1209.6,6,0.0,7257.58,3600.0,3657.58,50.4,5.0
ORD-10699,2023-03-12,CUST-113,East,Small Business,Inside Sales,Software,Standard Plus,465.1,5,0.0,2325.5,1125.0,1200.5,51.6,5.0
ORD-10700,2023-07-14,CUST-475,South,Mid-Market,Partner Reseller,Hardware,Hardware Terminal,824.47,3,15.0,2102.41,1275.0,827.41,39.4,4.0
ORD-10701,2024-01-30,CUST-952,Central,Consumer,Inside Sales,Software,Standard Plus,449.13,5,5.0,2133.38,1125.0,1008.38,47.3,4.0
ORD-10702,2023-11-03,CUST-863,South,Small Business,Online Store,Software,Enterprise Pro,1500.0,2,0.0,3000.0,1320.0,1680.0,56.0,3.0
ORD-10703,2024-06-21,CUST-344,North,Enterprise,Partner Reseller,Software,Enterprise Pro,1194.9,8,10.0,8603.25,4800.0,3803.25,44.2,4.0
ORD-10704,2023-12-02,CUST-356,West,Small Business,Partner Reseller,Software,Standard Plus,439.63,5,0.0,2198.14,1125.0,1073.14,48.8,3.0
ORD-10705,2024-06-12,CUST-683,North,Consumer,Partner Reseller,Software,Starter Lite,153.83,4,10.0,553.79,300.0,253.79,45.8,3.0
ORD-10706,2024-05-12,CUST-204,West,Enterprise,Inside Sales,Software,Standard Plus,469.7,7,10.0,2959.14,1575.0,1384.14,46.8,4.0
ORD-10707,2024-02-24,CUST-100,West,Enterprise,Direct Sales,Software,Enterprise Pro,1201.68,2,0.0,2403.37,1200.0,1203.37,50.1,4.0
ORD-10708,2023-09-18,CUST-156,South,Small Business,Online Store,Supplies,Accessories Kit,65.61,4,20.0,209.95,130.0,79.95,38.1,1.0
ORD-10709,2024-05-18,CUST-993,West,Small Business,Online Store,Software,Standard Plus,456.69,3,15.0,1164.56,675.0,489.56,42.0,5.0
ORD-10710,2023-09-03,CUST-616,North,Small Business,Online Store,Software,Standard Plus,438.71,2,5.0,833.55,450.0,383.55,46.0,5.0
ORD-10711,2023-10-05,CUST-831,North,Consumer,Partner Reseller,Software,Enterprise Pro,1214.76,8,0.0,9718.05,4800.0,4918.05,50.6,1.0
ORD-10712,2023-03-12,CUST-873,Central,Small Business,Online Store,Software,Starter Lite,155.24,4,15.0,527.8,300.0,227.8,43.2,4.0
ORD-10713,2023-09-01,CUST-560,Central,Small Business,Direct Sales,Software,Starter Lite,145.65,4,0.0,582.59,300.0,282.59,48.5,4.0
ORD-10714,2023-08-03,CUST-495,North,Small Business,Online Store,Software,Standard Plus,452.36,7,5.0,3008.21,1575.0,1433.21,47.6,3.0
ORD-10715,2023-11-30,CUST-344,Central,Small Business,Inside Sales,Hardware,Hardware Terminal,839.21,4,0.0,3356.82,1700.0,1656.82,49.4,3.0
ORD-10716,2023-05-02,CUST-769,Central,Small Business,Online Store,Software,Standard Plus,433.24,2,5.0,823.16,450.0,373.16,45.3,5.0
ORD-10717,2023-09-06,CUST-652,North,Consumer,Inside Sales,Software,Standard Plus,447.53,6,0.0,2685.16,1350.0,1335.16,49.7,5.0
ORD-10718,2024-02-24,CUST-368,West,Mid-Market,Partner Reseller,Software,Enterprise Pro,1149.57,6,20.0,5517.93,3600.0,1917.93,34.8,5.0
ORD-10719,2023-12-01,CUST-703,South,Consumer,Online Store,Software,Enterprise Pro,1500.0,2,5.0,2850.0,1320.0,1530.0,53.7,3.0
ORD-10720,2024-01-11,CUST-981,South,Small Business,Direct Sales,Software,Starter Lite,147.94,4,10.0,532.57,300.0,232.57,43.7,5.0
ORD-10721,2023-11-13,CUST-898,South,Small Business,Partner Reseller,Software,Standard Plus,449.34,2,20.0,718.94,450.0,268.94,37.4,5.0
ORD-10722,2024-04-15,CUST-449,North,Small Business,Online Store,Software,Starter Lite,154.74,4,15.0,526.11,300.0,226.11,43.0,4.0
ORD-10723,2023-02-11,CUST-258,East,Small Business,Online Store,Supplies,Accessories Kit,65.7,5,15.0,279.21,162.5,116.71,41.8,4.0
ORD-10724,2024-05-08,CUST-667,North,Small Business,Inside Sales,Software,Starter Lite,151.87,3,10.0,410.05,225.0,185.05,45.1,4.0
ORD-10725,2023-02-07,CUST-698,South,Small Business,Partner Reseller,Supplies,Accessories Kit,62.74,2,0.0,125.48,65.0,60.48,48.2,5.0
ORD-10726,2023-08-07,CUST-678,North,Mid-Market,Partner Reseller,Software,Standard Plus,468.99,6,15.0,2391.84,1350.0,1041.84,43.6,3.0
ORD-10727,2023-12-12,CUST-863,East,Enterprise,Direct Sales,Software,Standard Plus,441.75,10,0.0,4417.52,2250.0,2167.52,49.1,3.0
ORD-10728,2023-07-02,CUST-773,East,Enterprise,Direct Sales,Software,Standard Plus,433.31,7,0.0,3033.14,1575.0,1458.14,48.1,4.0
ORD-10729,2023-09-20,CUST-564,North,Small Business,Direct Sales,Supplies,Accessories Kit,65.77,3,0.0,197.3,97.5,99.8,50.6,2.0
ORD-10730,2023-07-27,CUST-506,North,Mid-Market,Direct Sales,Software,Enterprise Pro,1212.82,5,20.0,4851.29,3000.0,1851.29,38.2,4.0
ORD-10731,2023-11-09,CUST-177,North,Mid-Market,Partner Reseller,Software,Standard Plus,459.2,3,5.0,1308.72,675.0,633.72,48.4,4.0
ORD-10732,2023-11-18,CUST-481,North,Small Business,Inside Sales,Software,Enterprise Pro,1141.83,3,20.0,2740.38,1800.0,940.38,34.3,5.0
ORD-10733,2023-07-03,CUST-183,West,Small Business,Inside Sales,Software,Enterprise Pro,1141.74,3,20.0,2740.17,1800.0,940.17,34.3,2.0
ORD-10734,2023-02-15,CUST-531,East,Enterprise,Online Store,Software,Starter Lite,145.16,7,15.0,863.71,525.0,338.71,39.2,4.0
ORD-10735,2023-02-21,CUST-675,East,Mid-Market,Online Store,Software,Starter Lite,148.78,7,0.0,1041.44,525.0,516.44,49.6,4.0
ORD-10736,2023-01-08,CUST-473,East,Enterprise,Direct Sales,Software,Standard Plus,451.74,7,5.0,3004.05,1575.0,1429.05,47.6,3.0
ORD-10737,2023-08-20,CUST-654,South,Enterprise,Inside Sales,Software,Enterprise Pro,1246.64,3,0.0,3739.91,1800.0,1939.91,51.9,3.0
ORD-10738,2023-06-30,CUST-330,Central,Mid-Market,Online Store,Software,Starter Lite,145.58,3,5.0,414.9,225.0,189.9,45.8,5.0
ORD-10739,2023-08-27,CUST-875,North,Consumer,Online Store,Software,Starter Lite,146.07,8,10.0,1051.74,600.0,451.74,43.0,5.0
ORD-10740,2023-01-02,CUST-380,West,Enterprise,Inside Sales,Hardware,Hardware Terminal,837.0,5,0.0,4184.99,2125.0,2059.99,49.2,4.0
ORD-10741,2024-01-26,CUST-696,East,Mid-Market,Inside Sales,Software,Enterprise Pro,1240.69,3,10.0,3349.85,1800.0,1549.85,46.3,5.0
ORD-10742,2023-09-02,CUST-861,West,Small Business,Partner Reseller,Supplies,Accessories Kit,64.81,8,5.0,492.57,260.0,232.57,47.2,4.0
ORD-10743,2024-01-31,CUST-339,East,Mid-Market,Direct Sales,Software,Standard Plus,454.67,3,10.0,1227.6,675.0,552.6,45.0,5.0
ORD-10744,2023-12-03,CUST-879,West,Consumer,Inside Sales,Software,Starter Lite,142.61,3,5.0,406.43,225.0,181.43,44.6,4.0
ORD-10745,2024-03-25,CUST-693,West,Mid-Market,Inside Sales,Hardware,Hardware Terminal,884.7,8,0.0,7077.62,3400.0,3677.62,52.0,4.0
ORD-10746,2023-01-09,CUST-221,Central,Mid-Market,Inside Sales,Software,Enterprise Pro,1254.67,5,5.0,5959.7,3000.0,2959.7,49.7,1.0
ORD-10747,2024-03-19,CUST-113,North,Mid-Market,Partner Reseller,Software,Standard Plus,434.11,4,5.0,1649.63,900.0,749.63,45.4,5.0
ORD-10748,2023-05-14,CUST-478,West,Mid-Market,Online Store,Software,Standard Plus,453.52,7,5.0,3015.94,1575.0,1440.94,47.8,4.0
ORD-10749,2023-06-17,CUST-561,East,Small Business,Online Store,Software,Standard Plus,444.61,6,0.0,2667.67,1350.0,1317.67,49.4,5.0
ORD-10750,2023-10-21,CUST-518,West,Consumer,Online Store,Software,Enterprise Pro,1243.45,9,5.0,10631.5,5400.0,5231.5,49.2,5.0
ORD-10751,2024-01-03,CUST-796,North,Consumer,Inside Sales,Supplies,Accessories Kit,63.61,8,0.0,508.91,260.0,248.91,48.9,5.0
ORD-10752,2024-05-18,CUST-997,South,Mid-Market,Online Store,Software,Starter Lite,156.57,6,0.0,939.42,450.0,489.42,52.1,5.0
ORD-10753,2024-06-23,CUST-167,North,Small Business,Partner Reseller,Software,Standard Plus,465.61,5,0.0,2328.06,1125.0,1203.06,51.7,4.0
ORD-10754,2023-05-03,CUST-572,North,Mid-Market,Online Store,Software,Starter Lite,144.81,7,10.0,912.3,525.0,387.3,42.5,3.0
ORD-10755,2024-03-05,CUST-290,East,Small Business,Partner Reseller,Supplies,Accessories Kit,65.53,4,0.0,262.12,130.0,132.12,50.4,3.0
ORD-10756,2023-05-22,CUST-180,North,Mid-Market,Partner Reseller,Software,Enterprise Pro,1225.67,7,0.0,8579.69,4200.0,4379.69,51.0,4.0
ORD-10757,2024-01-09,CUST-303,North,Mid-Market,Partner Reseller,Software,Standard Plus,432.17,3,10.0,1166.85,675.0,491.85,42.2,5.0
ORD-10758,2023-01-13,CUST-466,South,Enterprise,Inside Sales,Software,Standard Plus,430.47,7,5.0,2862.6,1575.0,1287.6,45.0,4.0
ORD-10759,2023-03-01,CUST-676,West,Consumer,Direct Sales,Software,Starter Lite,149.14,3,10.0,402.67,225.0,177.67,44.1,4.0
ORD-10760,2023-01-09,CUST-137,East,Small Business,Inside Sales,Software,Starter Lite,153.21,5,5.0,727.75,375.0,352.75,48.5,5.0
ORD-10761,2023-10-21,CUST-567,Central,Mid-Market,Online Store,Software,Standard Plus,455.06,4,5.0,1729.24,900.0,829.24,48.0,5.0
ORD-10762,2024-01-20,CUST-959,South,Small Business,Direct Sales,Software,Starter Lite,144.07,6,0.0,864.43,450.0,414.43,47.9,5.0
ORD-10763,2023-08-11,CUST-709,Central,Consumer,Online Store,Software,Enterprise Pro,1181.21,6,15.0,6024.17,3600.0,2424.17,40.2,4.0
ORD-10764,2023-05-16,CUST-649,North,Mid-Market,Inside Sales,Software,Standard Plus,441.98,6,15.0,2254.09,1350.0,904.09,40.1,2.0
ORD-10765,2024-01-15,CUST-597,Central,Small Business,Direct Sales,Software,Standard Plus,448.83,5,5.0,2131.93,1125.0,1006.93,47.2,3.0
ORD-10766,2023-11-29,CUST-647,South,Mid-Market,Partner Reseller,Supplies,Accessories Kit,65.07,6,15.0,331.87,195.0,136.87,41.2,5.0
ORD-10767,2024-01-07,CUST-985,North,Mid-Market,Partner Reseller,Software,Enterprise Pro,1176.4,2,0.0,2352.81,1200.0,1152.81,49.0,5.0
ORD-10768,2024-06-07,CUST-889,East,Small Business,Direct Sales,Software,Starter Lite,150.43,9,0.0,1353.85,675.0,678.85,50.1,3.0
ORD-10769,2023-06-16,CUST-682,West,Small Business,Direct Sales,Hardware,Hardware Terminal,868.03,7,5.0,5772.4,2975.0,2797.4,48.5,4.0
ORD-10770,2023-07-21,CUST-395,North,Enterprise,Inside Sales,Software,Starter Lite,153.08,4,0.0,612.32,300.0,312.32,51.0,4.0
ORD-10771,2024-03-29,CUST-869,East,Mid-Market,Online Store,Supplies,Accessories Kit,68.2,4,15.0,231.87,130.0,101.87,43.9,1.0
ORD-10772,2023-12-13,CUST-929,North,Small Business,Inside Sales,Hardware,Hardware Terminal,811.73,3,0.0,2435.2,1275.0,1160.2,47.6,3.0
ORD-10773,2023-02-17,CUST-850,South,Mid-Market,Partner Reseller,Hardware,Hardware Terminal,831.74,6,10.0,4491.38,2550.0,1941.38,43.2,3.0
ORD-10774,2023-03-23,CUST-469,West,Mid-Market,Online Store,Software,Standard Plus,454.67,6,0.0,2728.05,1350.0,1378.05,50.5,3.0
ORD-10775,2024-03-16,CUST-543,North,Mid-Market,Partner Reseller,Hardware,Hardware Terminal,863.3,4,5.0,3280.54,1700.0,1580.54,48.2,1.0
ORD-10776,2023-12-25,CUST-372,North,Mid-Market,Online Store,Software,Standard Plus,461.27,4,5.0,1752.84,900.0,852.84,48.7,4.0
ORD-10777,2024-03-05,CUST-904,North,Small Business,Direct Sales,Software,Standard Plus,472.48,4,0.0,1889.93,900.0,989.93,52.4,4.0
ORD-10778,2023-07-23,CUST-120,Central,Small Business,Direct Sales,Software,Standard Plus,437.4,7,10.0,2755.62,1575.0,1180.62,42.8,1.0
ORD-10779,2024-04-02,CUST-169,South,Mid-Market,Direct Sales,Hardware,Hardware Terminal,866.93,4,10.0,3120.96,1700.0,1420.96,45.5,4.0
ORD-10780,2023-06-09,CUST-538,North,Consumer,Online Store,Supplies,Accessories Kit,64.07,4,0.0,256.27,130.0,126.27,49.3,3.0
ORD-10781,2024-04-27,CUST-158,North,Small Business,Online Store,Software,Starter Lite,150.09,3,5.0,427.77,225.0,202.77,47.4,1.0
ORD-10782,2023-10-28,CUST-459,Central,Mid-Market,Direct Sales,Software,Starter Lite,154.08,5,0.0,770.4,375.0,395.4,51.3,1.0
ORD-10783,2023-05-09,CUST-803,West,Small Business,Online Store,Software,Starter Lite,151.89,5,15.0,645.52,375.0,270.52,41.9,5.0
ORD-10784,2023-04-23,CUST-528,West,Small Business,Online Store,Software,Standard Plus,471.13,3,15.0,1201.38,675.0,526.38,43.8,1.0
ORD-10785,2023-03-19,CUST-704,West,Small Business,Partner Reseller,Software,Standard Plus,469.45,5,5.0,2229.87,1125.0,1104.87,49.5,4.0
ORD-10786,2023-10-21,CUST-847,East,Small Business,Partner Reseller,Software,Standard Plus,465.43,4,5.0,1768.62,900.0,868.62,49.1,4.0
ORD-10787,2023-02-02,CUST-753,South,Enterprise,Partner Reseller,Software,Standard Plus,437.85,8,0.0,3502.8,1800.0,1702.8,48.6,1.0
ORD-10788,2023-07-07,CUST-613,North,Consumer,Inside Sales,Hardware,Hardware Terminal,862.16,1,5.0,819.05,425.0,394.05,48.1,4.0
ORD-10789,2023-01-30,CUST-227,South,Small Business,Direct Sales,Software,Enterprise Pro,1175.61,4,0.0,4702.42,2400.0,2302.42,49.0,4.0
ORD-10790,2023-02-01,CUST-806,Central,Small Business,Inside Sales,Software,Enterprise Pro,1178.4,3,0.0,3535.2,1800.0,1735.2,49.1,4.0
ORD-10791,2023-01-11,CUST-808,North,Mid-Market,Partner Reseller,Supplies,Accessories Kit,67.9,3,0.0,203.69,97.5,106.19,52.1,5.0
ORD-10792,2023-08-16,CUST-566,West,Small Business,Online Store,Software,Standard Plus,445.08,5,0.0,2225.41,1125.0,1100.41,49.4,5.0
ORD-10793,2024-02-24,CUST-285,West,Consumer,Inside Sales,Software,Standard Plus,468.27,6,0.0,2809.65,1350.0,1459.65,52.0,3.0
ORD-10794,2024-02-13,CUST-186,West,Small Business,Direct Sales,Software,Starter Lite,150.67,10,0.0,1506.72,750.0,756.72,50.2,3.0
ORD-10795,2023-03-03,CUST-743,West,Mid-Market,Direct Sales,Software,Standard Plus,467.79,6,15.0,2385.74,1350.0,1035.74,43.4,2.0
ORD-10796,2024-01-07,CUST-720,North,Enterprise,Inside Sales,Software,Starter Lite,146.59,2,0.0,293.19,150.0,143.19,48.8,1.0
ORD-10797,2023-01-12,CUST-988,West,Small Business,Inside Sales,Supplies,Accessories Kit,67.88,4,5.0,257.93,130.0,127.93,49.6,4.0
ORD-10798,2023-11-17,CUST-456,West,Small Business,Direct Sales,Software,Enterprise Pro,1243.35,9,0.0,11190.15,5400.0,5790.15,51.7,5.0
ORD-10799,2024-06-10,CUST-944,North,Mid-Market,Online Store,Software,Enterprise Pro,1205.74,6,0.0,7234.42,3600.0,3634.42,50.2,5.0
ORD-10800,2024-02-23,CUST-599,South,Small Business,Partner Reseller,Software,Standard Plus,437.01,7,5.0,2906.14,1575.0,1331.14,45.8,4.0
ORD-10801,2023-01-08,CUST-388,North,Consumer,Inside Sales,Software,Enterprise Pro,1218.69,6,15.0,6215.34,3600.0,2615.34,42.1,4.0
ORD-10802,2023-05-20,CUST-172,East,Consumer,Inside Sales,Hardware,Hardware Terminal,883.06,5,15.0,3752.98,2125.0,1627.98,43.4,4.0
ORD-10803,2024-03-24,CUST-109,Central,Mid-Market,Online Store,Software,Standard Plus,468.0,4,0.0,1872.0,900.0,972.0,51.9,4.0
ORD-10804,2023-03-28,CUST-371,West,Mid-Market,Inside Sales,Supplies,Accessories Kit,66.83,3,0.0,200.5,97.5,103.0,51.4,5.0
ORD-10805,2023-10-26,CUST-963,South,Small Business,Partner Reseller,Software,Standard Plus,453.58,3,0.0,1360.73,675.0,685.73,50.4,5.0
ORD-10806,2023-07-21,CUST-366,South,Enterprise,Direct Sales,Software,Starter Lite,151.4,5,0.0,756.98,375.0,381.98,50.5,4.0
ORD-10807,2023-07-20,CUST-484,North,Consumer,Direct Sales,Software,Starter Lite,147.77,7,5.0,982.7,525.0,457.7,46.6,2.0
ORD-10808,2023-07-17,CUST-495,East,Small Business,Inside Sales,Software,Starter Lite,142.87,7,15.0,850.09,525.0,325.09,38.2,4.0
ORD-10809,2023-12-04,CUST-442,West,Small Business,Partner Reseller,Software,Enterprise Pro,1191.26,3,0.0,3573.78,1800.0,1773.78,49.6,2.0
ORD-10810,2023-06-05,CUST-313,South,Small Business,Partner Reseller,Software,Standard Plus,448.26,6,0.0,2689.58,1350.0,1339.58,49.8,4.0
ORD-10811,2024-04-27,CUST-859,North,Small Business,Inside Sales,Software,Standard Plus,459.8,6,5.0,2620.88,1350.0,1270.88,48.5,5.0
ORD-10812,2023-10-22,CUST-135,South,Enterprise,Inside Sales,Supplies,Accessories Kit,63.95,3,10.0,172.66,97.5,75.16,43.5,3.0
ORD-10813,2023-11-07,CUST-474,North,Small Business,Inside Sales,Software,Standard Plus,433.74,3,0.0,1301.23,675.0,626.23,48.1,4.0
ORD-10814,2023-10-18,CUST-663,East,Small Business,Online Store,Hardware,Hardware Terminal,859.79,4,0.0,3439.14,1700.0,1739.14,50.6,1.0
ORD-10815,2023-08-01,CUST-597,East,Consumer,Direct Sales,Software,Standard Plus,436.4,4,0.0,1745.58,900.0,845.58,48.4,4.0
ORD-10816,2023-08-31,CUST-134,North,Consumer,Inside Sales,Software,Enterprise Pro,1157.11,4,20.0,3702.74,2400.0,1302.74,35.2,5.0
ORD-10817,2023-04-23,CUST-158,West,Small Business,Inside Sales,Software,Enterprise Pro,1253.42,2,5.0,2381.5,1200.0,1181.5,49.6,4.0
ORD-10818,2024-06-12,CUST-431,West,Small Business,Online Store,Software,Enterprise Pro,1250.02,6,10.0,6750.13,3600.0,3150.13,46.7,5.0
ORD-10819,2024-06-11,CUST-202,Central,Consumer,Partner Reseller,Software,Standard Plus,433.23,7,5.0,2880.98,1575.0,1305.98,45.3,5.0
ORD-10820,2024-03-31,CUST-397,East,Mid-Market,Partner Reseller,Software,Starter Lite,145.78,5,0.0,728.92,375.0,353.92,48.6,4.0
ORD-10821,2023-06-03,CUST-327,North,Enterprise,Partner Reseller,Software,Standard Plus,440.2,5,5.0,2090.97,1125.0,965.97,46.2,4.0
ORD-10822,2024-04-17,CUST-394,West,Mid-Market,Partner Reseller,Supplies,Accessories Kit,64.67,6,5.0,368.6,195.0,173.6,47.1,5.0
ORD-10823,2023-04-30,CUST-524,South,Enterprise,Partner Reseller,Hardware,Hardware Terminal,842.92,4,5.0,3203.1,1700.0,1503.1,46.9,2.0
ORD-10824,2023-07-12,CUST-800,South,Consumer,Partner Reseller,Software,Standard Plus,431.08,5,5.0,2047.64,1125.0,922.64,45.1,4.0
ORD-10825,2024-03-27,CUST-251,West,Mid-Market,Inside Sales,Software,Standard Plus,447.48,10,5.0,4251.02,2250.0,2001.02,47.1,4.0
ORD-10826,2023-12-31,CUST-639,South,Mid-Market,Online Store,Software,Starter Lite,157.29,2,0.0,314.58,150.0,164.58,52.3,2.0
ORD-10827,2023-09-27,CUST-179,East,Enterprise,Partner Reseller,Software,Starter Lite,144.5,3,0.0,433.5,225.0,208.5,48.1,4.0
ORD-10828,2024-03-07,CUST-450,South,Enterprise,Direct Sales,Hardware,Hardware Terminal,854.9,7,5.0,5685.08,2975.0,2710.08,47.7,4.0
ORD-10829,2023-05-12,CUST-596,South,Mid-Market,Direct Sales,Software,Standard Plus,448.14,8,15.0,3047.33,1800.0,1247.33,40.9,4.0
ORD-10830,2023-12-29,CUST-855,South,Consumer,Online Store,Software,Standard Plus,454.42,4,10.0,1635.91,900.0,735.91,45.0,5.0
ORD-10831,2023-04-20,CUST-820,East,Enterprise,Partner Reseller,Software,Standard Plus,453.44,7,15.0,2697.99,1575.0,1122.99,41.6,5.0
ORD-10832,2024-06-15,CUST-438,North,Mid-Market,Partner Reseller,Hardware,Hardware Terminal,843.53,8,15.0,5736.01,3400.0,2336.01,40.7,4.0
ORD-10833,2023-07-15,CUST-320,East,Enterprise,Partner Reseller,Supplies,Accessories Kit,63.93,6,10.0,345.23,195.0,150.23,43.5,4.0
ORD-10834,2024-01-09,CUST-902,North,Mid-Market,Direct Sales,Software,Enterprise Pro,1174.4,4,5.0,4462.72,2400.0,2062.72,46.2,5.0
ORD-10835,2024-02-17,CUST-753,Central,Small Business,Inside Sales,Software,Starter Lite,150.15,2,5.0,285.29,150.0,135.29,47.4,3.0
ORD-10836,2023-03-04,CUST-115,Central,Mid-Market,Direct Sales,Software,Starter Lite,145.73,5,15.0,619.34,375.0,244.34,39.5,4.0
ORD-10837,2023-04-21,CUST-525,West,Small Business,Direct Sales,Supplies,Accessories Kit,67.2,3,15.0,171.36,97.5,73.86,43.1,5.0
ORD-10838,2023-08-05,CUST-749,South,Consumer,Online Store,Software,Enterprise Pro,1145.99,4,0.0,4583.96,2400.0,2183.96,47.6,2.0
ORD-10839,2024-04-10,CUST-575,East,Mid-Market,Online Store,Software,Standard Plus,466.04,3,0.0,1398.12,675.0,723.12,51.7,4.0
ORD-10840,2023-02-01,CUST-337,West,Consumer,Online Store,Software,Standard Plus,464.17,3,0.0,1392.5,675.0,717.5,51.5,4.0
ORD-10841,2023-06-22,CUST-519,North,Consumer,Online Store,Software,Enterprise Pro,1145.23,7,0.0,8016.62,4200.0,3816.62,47.6,4.0
ORD-10842,2023-02-21,CUST-965,Central,Enterprise,Direct Sales,Software,Enterprise Pro,1177.15,3,0.0,3531.44,1800.0,1731.44,49.0,4.0
ORD-10843,2023-02-09,CUST-648,North,Mid-Market,Direct Sales,Software,Enterprise Pro,1193.63,4,10.0,4297.07,2400.0,1897.07,44.1,5.0
ORD-10844,2023-11-28,CUST-498,Central,Enterprise,Direct Sales,Hardware,Hardware Terminal,816.56,4,5.0,3102.94,1700.0,1402.94,45.2,4.0
ORD-10845,2024-05-22,CUST-704,East,Mid-Market,Online Store,Software,Enterprise Pro,1149.12,4,15.0,3906.99,2400.0,1506.99,38.6,4.0
ORD-10846,2024-05-20,CUST-824,Central,Small Business,Online Store,Software,Standard Plus,449.85,4,20.0,1439.52,900.0,539.52,37.5,4.0
ORD-10847,2024-04-13,CUST-403,Central,Mid-Market,Inside Sales,Hardware,Hardware Terminal,807.98,7,5.0,5373.04,2975.0,2398.04,44.6,1.0
ORD-10848,2024-05-01,CUST-270,North,Consumer,Inside Sales,Software,Starter Lite,143.62,6,10.0,775.53,450.0,325.53,42.0,5.0
ORD-10849,2023-02-20,CUST-593,West,Small Business,Online Store,Software,Standard Plus,427.88,1,0.0,427.88,225.0,202.88,47.4,2.0
ORD-10850,2024-06-29,CUST-719,North,Mid-Market,Direct Sales,Supplies,Accessories Kit,68.09,3,0.0,204.27,97.5,106.77,52.3,5.0
ORD-10851,2023-08-17,CUST-244,Central,Small Business,Inside Sales,Hardware,Hardware Terminal,864.72,7,0.0,6053.03,2975.0,3078.03,50.9,5.0
ORD-10852,2023-12-16,CUST-842,South,Consumer,Online Store,Software,Starter Lite,144.08,2,0.0,288.16,150.0,138.16,47.9,5.0
ORD-10853,2023-10-29,CUST-282,North,Mid-Market,Online Store,Software,Enterprise Pro,1210.4,4,0.0,4841.58,2400.0,2441.58,50.4,5.0
ORD-10854,2023-06-14,CUST-875,North,Mid-Market,Online Store,Software,Standard Plus,431.7,7,0.0,3021.9,1575.0,1446.9,47.9,3.0
ORD-10855,2023-03-15,CUST-791,East,Small Business,Inside Sales,Hardware,Hardware Terminal,852.71,5,0.0,4263.55,2125.0,2138.55,50.2,5.0
ORD-10856,2024-04-07,CUST-378,West,Small Business,Partner Reseller,Software,Standard Plus,433.36,5,10.0,1950.11,1125.0,825.11,42.3,2.0
ORD-10857,2023-10-12,CUST-227,East,Consumer,Partner Reseller,Software,Starter Lite,144.82,2,5.0,275.16,150.0,125.16,45.5,5.0
ORD-10858,2023-12-03,CUST-388,North,Small Business,Inside Sales,Software,Enterprise Pro,1226.19,1,0.0,1226.19,600.0,626.19,51.1,2.0
ORD-10859,2023-12-06,CUST-590,South,Mid-Market,Direct Sales,Software,Starter Lite,149.41,3,0.0,448.22,225.0,223.22,49.8,4.0
ORD-10860,2024-04-20,CUST-479,West,Small Business,Direct Sales,Software,Starter Lite,156.4,6,10.0,844.55,450.0,394.55,46.7,4.0
ORD-10861,2023-10-31,CUST-610,East,Enterprise,Direct Sales,Software,Enterprise Pro,1257.53,4,20.0,4024.1,2400.0,1624.1,40.4,3.0
ORD-10862,2024-03-15,CUST-141,Central,Mid-Market,Direct Sales,Software,Starter Lite,145.28,2,5.0,276.04,150.0,126.04,45.7,5.0
ORD-10863,2023-12-31,CUST-569,North,Enterprise,Inside Sales,Software,Standard Plus,442.23,4,0.0,1768.92,900.0,868.92,49.1,3.0
ORD-10864,2024-04-10,CUST-276,West,Enterprise,Direct Sales,Software,Enterprise Pro,1245.33,10,10.0,11207.98,6000.0,5207.98,46.5,2.0
ORD-10865,2023-11-26,CUST-875,North,Consumer,Direct Sales,Software,Starter Lite,142.56,6,5.0,812.57,450.0,362.57,44.6,4.0
ORD-10866,2023-09-03,CUST-624,South,Mid-Market,Direct Sales,Software,Starter Lite,152.77,1,5.0,145.13,75.0,70.13,48.3,5.0
ORD-10867,2023-08-28,CUST-476,North,Consumer,Online Store,Supplies,Accessories Kit,66.78,3,15.0,170.29,97.5,72.79,42.7,4.0
ORD-10868,2024-05-03,CUST-393,South,Mid-Market,Partner Reseller,Hardware,Hardware Terminal,884.85,6,0.0,5309.08,2550.0,2759.08,52.0,5.0
ORD-10869,2024-03-22,CUST-260,East,Consumer,Partner Reseller,Hardware,Hardware Terminal,866.65,2,5.0,1646.64,850.0,796.64,48.4,3.0
ORD-10870,2023-09-11,CUST-998,North,Mid-Market,Online Store,Supplies,Accessories Kit,67.24,5,5.0,319.38,162.5,156.88,49.1,4.0
ORD-10871,2024-04-28,CUST-552,Central,Mid-Market,Partner Reseller,Software,Starter Lite,150.97,7,0.0,1056.77,525.0,531.77,50.3,5.0
ORD-10872,2024-02-23,CUST-762,East,Consumer,Online Store,Software,Starter Lite,146.19,5,10.0,657.85,375.0,282.85,43.0,4.0
ORD-10873,2023-09-25,CUST-260,West,Mid-Market,Direct Sales,Software,Starter Lite,143.61,3,10.0,387.76,225.0,162.76,42.0,3.0
ORD-10874,2023-05-29,CUST-322,South,Small Business,Online Store,Software,Standard Plus,466.79,4,0.0,1867.15,900.0,967.15,51.8,5.0
ORD-10875,2024-06-13,CUST-913,South,Small Business,Partner Reseller,Supplies,Accessories Kit,66.64,10,10.0,599.8,325.0,274.8,45.8,4.0
ORD-10876,2023-05-03,CUST-734,Central,Small Business,Direct Sales,Software,Standard Plus,439.84,7,20.0,2463.09,1575.0,888.09,36.1,2.0
ORD-10877,2023-02-07,CUST-419,South,Small Business,Direct Sales,Software,Starter Lite,149.3,4,5.0,567.33,300.0,267.33,47.1,3.0
ORD-10878,2023-06-26,CUST-341,West,Small Business,Inside Sales,Software,Starter Lite,143.66,4,5.0,545.93,300.0,245.93,45.0,4.0
ORD-10879,2024-06-05,CUST-533,South,Mid-Market,Inside Sales,Software,Starter Lite,149.2,2,10.0,268.56,150.0,118.56,44.1,3.0
ORD-10880,2023-02-07,CUST-726,North,Small Business,Direct Sales,Software,Standard Plus,440.01,4,10.0,1584.02,900.0,684.02,43.2,5.0
ORD-10881,2024-03-12,CUST-284,South,Small Business,Direct Sales,Software,Enterprise Pro,1500.0,1,5.0,1425.0,660.0,765.0,53.7,5.0
ORD-10882,2024-05-20,CUST-317,South,Consumer,Inside Sales,Software,Enterprise Pro,1500.0,1,5.0,1425.0,660.0,765.0,53.7,3.0
ORD-10883,2023-01-05,CUST-540,West,Enterprise,Direct Sales,Software,Enterprise Pro,1140.6,8,15.0,7756.06,4800.0,2956.06,38.1,4.0
ORD-10884,2023-02-07,CUST-984,North,Enterprise,Online Store,Software,Enterprise Pro,1167.55,5,0.0,5837.75,3000.0,2837.75,48.6,3.0
ORD-10885,2024-03-13,CUST-615,North,Small Business,Online Store,Software,Enterprise Pro,1242.67,3,15.0,3168.81,1800.0,1368.81,43.2,5.0
ORD-10886,2023-05-07,CUST-192,East,Small Business,Partner Reseller,Software,Enterprise Pro,1231.61,11,20.0,10838.14,6600.0,4238.14,39.1,2.0
ORD-10887,2024-04-04,CUST-686,North,Small Business,Direct Sales,Software,Enterprise Pro,1228.9,5,0.0,6144.49,3000.0,3144.49,51.2,4.0
ORD-10888,2024-01-11,CUST-589,South,Consumer,Inside Sales,Software,Standard Plus,455.61,7,5.0,3029.83,1575.0,1454.83,48.0,5.0
ORD-10889,2023-08-06,CUST-205,West,Mid-Market,Inside Sales,Software,Standard Plus,459.88,8,0.0,3679.08,1800.0,1879.08,51.1,4.0
ORD-10890,2024-06-02,CUST-419,South,Small Business,Partner Reseller,Software,Standard Plus,456.37,6,0.0,2738.19,1350.0,1388.19,50.7,2.0
ORD-10891,2023-01-19,CUST-859,North,Enterprise,Partner Reseller,Supplies,Accessories Kit,66.23,2,0.0,132.45,65.0,67.45,50.9,5.0
ORD-10892,2023-08-14,CUST-341,West,Small Business,Direct Sales,Software,Enterprise Pro,1140.68,4,10.0,4106.45,2400.0,1706.45,41.6,2.0
ORD-10893,2024-01-10,CUST-811,Central,Mid-Market,Online Store,Software,Standard Plus,455.99,6,5.0,2599.14,1350.0,1249.14,48.1,2.0
ORD-10894,2023-01-15,CUST-289,North,Mid-Market,Partner Reseller,Hardware,Hardware Terminal,885.0,3,10.0,2389.5,1275.0,1114.5,46.6,5.0
ORD-10895,2024-02-23,CUST-173,West,Enterprise,Online Store,Software,Starter Lite,152.74,7,5.0,1015.73,525.0,490.73,48.3,5.0
ORD-10896,2024-04-04,CUST-854,North,Small Business,Inside Sales,Software,Standard Plus,472.44,5,0.0,2362.21,1125.0,1237.21,52.4,2.0
ORD-10897,2024-02-07,CUST-757,Central,Small Business,Partner Reseller,Supplies,Accessories Kit,67.3,3,0.0,201.89,97.5,104.39,51.7,5.0
ORD-10898,2023-02-26,CUST-530,West,Small Business,Inside Sales,Supplies,Accessories Kit,67.51,6,10.0,364.57,195.0,169.57,46.5,4.0
ORD-10899,2023-08-30,CUST-730,South,Enterprise,Inside Sales,Software,Standard Plus,450.35,2,15.0,765.6,450.0,315.6,41.2,5.0
ORD-10900,2024-03-15,CUST-554,South,Small Business,Online Store,Hardware,Hardware Terminal,862.2,8,5.0,6552.68,3400.0,3152.68,48.1,5.0
ORD-10901,2023-07-17,CUST-498,East,Mid-Market,Inside Sales,Software,Standard Plus,444.35,6,5.0,2532.77,1350.0,1182.77,46.7,3.0
ORD-10902,2023-08-19,CUST-508,Central,Enterprise,Inside Sales,Software,Enterprise Pro,1214.53,7,0.0,8501.7,4200.0,4301.7,50.6,5.0
ORD-10903,2023-12-06,CUST-449,East,Mid-Market,Partner Reseller,Hardware,Hardware Terminal,863.17,1,10.0,776.85,425.0,351.85,45.3,4.0
ORD-10904,2024-03-10,CUST-232,South,Mid-Market,Partner Reseller,Software,Standard Plus,465.4,6,5.0,2652.78,1350.0,1302.78,49.1,4.0
ORD-10905,2023-04-29,CUST-311,North,Enterprise,Inside Sales,Software,Starter Lite,150.56,4,20.0,481.78,300.0,181.78,37.7,5.0
ORD-10906,2023-07-02,CUST-125,West,Small Business,Online Store,Software,Starter Lite,146.84,6,0.0,881.05,450.0,431.05,48.9,4.0
ORD-10907,2024-01-30,CUST-796,East,Mid-Market,Partner Reseller,Hardware,Hardware Terminal,856.93,6,10.0,4627.41,2550.0,2077.41,44.9,3.0
ORD-10908,2024-03-18,CUST-866,West,Enterprise,Partner Reseller,Software,Enterprise Pro,1159.24,3,0.0,3477.72,1800.0,1677.72,48.2,2.0
ORD-10909,2023-06-29,CUST-147,Central,Small Business,Online Store,Software,Enterprise Pro,1143.77,6,10.0,6176.38,3600.0,2576.38,41.7,4.0
ORD-10910,2024-01-11,CUST-697,East,Mid-Market,Online Store,Software,Standard Plus,435.34,6,0.0,2612.03,1350.0,1262.03,48.3,2.0
ORD-10911,2023-12-11,CUST-612,West,Mid-Market,Direct Sales,Supplies,Accessories Kit,63.31,6,0.0,379.87,195.0,184.87,48.7,4.0
ORD-10912,2023-03-10,CUST-315,East,Mid-Market,Partner Reseller,Software,Starter Lite,145.11,2,5.0,275.71,150.0,125.71,45.6,5.0
ORD-10913,2023-08-19,CUST-259,West,Consumer,Inside Sales,Software,Starter Lite,152.9,4,10.0,550.44,300.0,250.44,45.5,5.0
ORD-10914,2024-05-06,CUST-142,North,Mid-Market,Partner Reseller,Software,Standard Plus,469.43,8,10.0,3379.9,1800.0,1579.9,46.7,2.0
ORD-10915,2023-01-29,CUST-498,South,Enterprise,Inside Sales,Software,Enterprise Pro,1166.73,6,5.0,6650.38,3600.0,3050.38,45.9,2.0
ORD-10916,2024-02-03,CUST-683,North,Consumer,Inside Sales,Software,Starter Lite,146.26,7,5.0,972.63,525.0,447.63,46.0,3.0
ORD-10917,2023-08-08,CUST-402,North,Mid-Market,Inside Sales,Software,Standard Plus,454.95,4,0.0,1819.78,900.0,919.78,50.5,4.0
ORD-10918,2023-05-22,CUST-615,West,Enterprise,Online Store,Software,Standard Plus,452.71,3,0.0,1358.14,675.0,683.14,50.3,2.0
ORD-10919,2024-05-06,CUST-204,Central,Consumer,Partner Reseller,Software,Starter Lite,150.89,3,0.0,452.68,225.0,227.68,50.3,4.0
ORD-10920,2023-11-18,CUST-388,East,Small Business,Partner Reseller,Software,Standard Plus,428.84,1,0.0,428.84,225.0,203.84,47.5,4.0
ORD-10921,2023-12-16,CUST-443,North,Enterprise,Direct Sales,Software,Starter Lite,150.64,11,0.0,1657.08,825.0,832.08,50.2,4.0
ORD-10922,2024-06-07,CUST-824,South,Enterprise,Partner Reseller,Software,Standard Plus,469.1,5,10.0,2110.95,1125.0,985.95,46.7,5.0
ORD-10923,2024-01-11,CUST-985,West,Enterprise,Inside Sales,Hardware,Hardware Terminal,858.56,7,0.0,6009.9,2975.0,3034.9,50.5,4.0
ORD-10924,2024-02-01,CUST-656,East,Mid-Market,Direct Sales,Software,Starter Lite,149.59,6,5.0,852.68,450.0,402.68,47.2,5.0
ORD-10925,2023-04-24,CUST-271,North,Mid-Market,Partner Reseller,Software,Standard Plus,455.0,6,0.0,2730.03,1350.0,1380.03,50.5,5.0
ORD-10926,2023-11-02,CUST-882,West,Enterprise,Inside Sales,Software,Starter Lite,146.56,6,0.0,879.37,450.0,429.37,48.8,5.0
ORD-10927,2024-04-11,CUST-457,East,Mid-Market,Direct Sales,Software,Enterprise Pro,1181.57,6,20.0,5671.56,3600.0,2071.56,36.5,4.0
ORD-10928,2023-07-18,CUST-772,East,Mid-Market,Online Store,Software,Standard Plus,430.28,8,15.0,2925.91,1800.0,1125.91,38.5,4.0
ORD-10929,2023-12-12,CUST-386,Central,Small Business,Inside Sales,Software,Starter Lite,143.76,6,10.0,776.3,450.0,326.3,42.0,4.0
ORD-10930,2024-03-25,CUST-301,Central,Small Business,Online Store,Hardware,Hardware Terminal,824.21,7,5.0,5481.0,2975.0,2506.0,45.7,5.0
ORD-10931,2023-04-30,CUST-914,Central,Consumer,Online Store,Software,Standard Plus,430.02,9,10.0,3483.15,2025.0,1458.15,41.9,4.0
ORD-10932,2024-05-16,CUST-537,West,Mid-Market,Inside Sales,Supplies,Accessories Kit,66.42,8,0.0,531.32,260.0,271.32,51.1,4.0
ORD-10933,2024-03-03,CUST-169,North,Mid-Market,Partner Reseller,Software,Standard Plus,436.02,5,10.0,1962.08,1125.0,837.08,42.7,4.0
ORD-10934,2023-08-18,CUST-245,North,Mid-Market,Partner Reseller,Software,Standard Plus,428.74,4,10.0,1543.48,900.0,643.48,41.7,5.0
ORD-10935,2024-02-08,CUST-888,North,Mid-Market,Partner Reseller,Software,Standard Plus,459.9,5,20.0,1839.61,1125.0,714.61,38.8,3.0
ORD-10936,2023-09-17,CUST-113,North,Enterprise,Inside Sales,Software,Starter Lite,147.16,5,0.0,735.8,375.0,360.8,49.0,5.0
ORD-10937,2023-09-03,CUST-475,North,Mid-Market,Online Store,Software,Enterprise Pro,1234.76,4,0.0,4939.04,2400.0,2539.04,51.4,5.0
ORD-10938,2023-09-07,CUST-162,North,Small Business,Direct Sales,Hardware,Hardware Terminal,879.5,6,0.0,5276.99,2550.0,2726.99,51.7,4.0
ORD-10939,2024-02-08,CUST-355,Central,Consumer,Partner Reseller,Software,Starter Lite,152.7,5,5.0,725.31,375.0,350.31,48.3,3.0
ORD-10940,2023-08-19,CUST-269,North,Small Business,Inside Sales,Software,Enterprise Pro,1160.98,7,0.0,8126.87,4200.0,3926.87,48.3,5.0
ORD-10941,2023-05-08,CUST-893,East,Mid-Market,Partner Reseller,Supplies,Accessories Kit,65.5,4,0.0,262.01,130.0,132.01,50.4,4.0
ORD-10942,2023-07-10,CUST-705,North,Consumer,Direct Sales,Software,Starter Lite,154.75,9,5.0,1323.15,675.0,648.15,49.0,4.0
ORD-10943,2023-11-04,CUST-704,South,Consumer,Online Store,Software,Enterprise Pro,1500.0,1,10.0,1350.0,660.0,690.0,51.1,4.0
ORD-10944,2024-02-11,CUST-695,North,Enterprise,Inside Sales,Software,Standard Plus,443.35,4,10.0,1596.05,900.0,696.05,43.6,4.0
ORD-10945,2024-03-12,CUST-676,West,Small Business,Partner Reseller,Software,Starter Lite,147.67,3,0.0,443.0,225.0,218.0,49.2,2.0
ORD-10946,2024-03-07,CUST-948,West,Enterprise,Online Store,Software,Starter Lite,143.5,2,20.0,229.59,150.0,79.59,34.7,4.0
ORD-10947,2023-08-19,CUST-202,North,Mid-Market,Inside Sales,Hardware,Hardware Terminal,882.76,7,0.0,6179.34,2975.0,3204.34,51.9,2.0
ORD-10948,2023-05-21,CUST-921,South,Enterprise,Partner Reseller,Software,Standard Plus,447.03,6,5.0,2548.06,1350.0,1198.06,47.0,2.0
ORD-10949,2024-05-12,CUST-386,East,Mid-Market,Partner Reseller,Software,Starter Lite,143.27,4,0.0,573.08,300.0,273.08,47.7,4.0
ORD-10950,2023-04-16,CUST-253,West,Mid-Market,Partner Reseller,Software,Starter Lite,147.77,6,10.0,797.95,450.0,347.95,43.6,4.0
ORD-10951,2023-08-25,CUST-564,East,Mid-Market,Partner Reseller,Hardware,Hardware Terminal,834.4,6,0.0,5006.42,2550.0,2456.42,49.1,5.0
ORD-10952,2023-10-20,CUST-105,South,Enterprise,Partner Reseller,Software,Starter Lite,145.35,7,10.0,915.68,525.0,390.68,42.7,5.0
ORD-10953,2023-08-30,CUST-283,East,Small Business,Online Store,Software,Standard Plus,444.96,4,10.0,1601.87,900.0,701.87,43.8,3.0
ORD-10954,2023-07-14,CUST-834,South,Consumer,Direct Sales,Software,Standard Plus,458.71,4,5.0,1743.11,900.0,843.11,48.4,5.0
ORD-10955,2024-04-01,CUST-905,East,Mid-Market,Online Store,Software,Enterprise Pro,1180.64,6,10.0,6375.44,3600.0,2775.44,43.5,3.0
ORD-10956,2023-03-17,CUST-897,West,Consumer,Partner Reseller,Software,Enterprise Pro,1228.64,6,0.0,7371.83,3600.0,3771.83,51.2,5.0
ORD-10957,2023-12-16,CUST-759,North,Enterprise,Inside Sales,Software,Standard Plus,444.4,6,5.0,2533.07,1350.0,1183.07,46.7,4.0
ORD-10958,2023-03-19,CUST-980,West,Enterprise,Partner Reseller,Software,Starter Lite,147.36,4,0.0,589.43,300.0,289.43,49.1,3.0
ORD-10959,2023-11-07,CUST-312,West,Enterprise,Direct Sales,Software,Standard Plus,448.39,5,5.0,2129.86,1125.0,1004.86,47.2,1.0
ORD-10960,2023-09-10,CUST-188,West,Enterprise,Direct Sales,Software,Starter Lite,152.72,4,5.0,580.35,300.0,280.35,48.3,4.0
ORD-10961,2023-08-16,CUST-296,South,Mid-Market,Partner Reseller,Software,Starter Lite,147.15,7,0.0,1030.05,525.0,505.05,49.0,4.0
ORD-10962,2023-04-08,CUST-920,West,Mid-Market,Inside Sales,Software,Enterprise Pro,1193.65,5,20.0,4774.59,3000.0,1774.59,37.2,5.0
ORD-10963,2023-11-04,CUST-864,North,Small Business,Direct Sales,Software,Enterprise Pro,1178.19,5,20.0,4712.77,3000.0,1712.77,36.3,4.0
ORD-10964,2024-01-03,CUST-429,West,Mid-Market,Direct Sales,Hardware,Hardware Terminal,852.54,8,5.0,6479.31,3400.0,3079.31,47.5,4.0
ORD-10965,2023-01-17,CUST-114,South,Enterprise,Partner Reseller,Software,Starter Lite,153.46,8,10.0,1104.89,600.0,504.89,45.7,4.0
ORD-10966,2023-01-28,CUST-424,South,Mid-Market,Direct Sales,Software,Standard Plus,460.18,8,10.0,3313.32,1800.0,1513.32,45.7,4.0
ORD-10967,2024-05-15,CUST-688,Central,Small Business,Inside Sales,Software,Standard Plus,452.71,4,10.0,1629.76,900.0,729.76,44.8,3.0
ORD-10968,2024-04-13,CUST-757,South,Mid-Market,Online Store,Supplies,Accessories Kit,66.68,5,0.0,333.41,162.5,170.91,51.3,4.0
ORD-10969,2023-11-30,CUST-523,East,Small Business,Partner Reseller,Hardware,Hardware Terminal,817.04,4,5.0,3104.74,1700.0,1404.74,45.2,5.0
ORD-10970,2024-06-30,CUST-942,North,Small Business,Partner Reseller,Software,Standard Plus,441.02,2,0.0,882.03,450.0,432.03,49.0,4.0
ORD-10971,2023-07-24,CUST-275,Central,Mid-Market,Direct Sales,Software,Standard Plus,455.25,5,0.0,2276.26,1125.0,1151.26,50.6,2.0
ORD-10972,2024-04-22,CUST-632,East,Mid-Market,Partner Reseller,Software,Starter Lite,148.56,4,15.0,505.12,300.0,205.12,40.6,5.0
ORD-10973,2023-05-08,CUST-833,West,Mid-Market,Partner Reseller,Software,Standard Plus,470.06,6,0.0,2820.35,1350.0,1470.35,52.1,5.0
ORD-10974,2023-08-05,CUST-630,East,Consumer,Online Store,Software,Standard Plus,466.84,6,20.0,2240.85,1350.0,890.85,39.8,2.0
ORD-10975,2023-11-28,CUST-356,Central,Enterprise,Partner Reseller,Software,Standard Plus,466.82,6,0.0,2800.93,1350.0,1450.93,51.8,2.0
ORD-10976,2023-06-29,CUST-767,East,Consumer,Partner Reseller,Software,Starter Lite,144.63,4,0.0,578.5,300.0,278.5,48.1,4.0
ORD-10977,2023-06-05,CUST-755,East,Mid-Market,Online Store,Software,Enterprise Pro,1213.47,7,0.0,8494.3,4200.0,4294.3,50.6,3.0
ORD-10978,2023-12-09,CUST-420,West,Enterprise,Online Store,Software,Starter Lite,154.0,3,20.0,369.6,225.0,144.6,39.1,3.0
ORD-10979,2023-10-17,CUST-491,Central,Enterprise,Online Store,Software,Enterprise Pro,1252.71,7,0.0,8768.95,4200.0,4568.95,52.1,3.0
ORD-10980,2023-09-06,CUST-311,Central,Small Business,Direct Sales,Software,Enterprise Pro,1198.71,6,0.0,7192.28,3600.0,3592.28,49.9,5.0
ORD-10981,2023-01-21,CUST-962,North,Mid-Market,Partner Reseller,Software,Enterprise Pro,1207.17,7,15.0,7182.69,4200.0,2982.69,41.5,1.0
ORD-10982,2024-03-07,CUST-707,Central,Small Business,Inside Sales,Software,Starter Lite,152.73,10,5.0,1450.91,750.0,700.91,48.3,4.0
ORD-10983,2023-06-14,CUST-557,North,Small Business,Inside Sales,Software,Starter Lite,142.73,5,5.0,677.99,375.0,302.99,44.7,3.0
ORD-10984,2023-07-06,CUST-271,East,Enterprise,Direct Sales,Software,Standard Plus,431.55,1,15.0,366.82,225.0,141.82,38.7,3.0
ORD-10985,2023-03-27,CUST-187,East,Consumer,Direct Sales,Software,Standard Plus,440.32,4,15.0,1497.1,900.0,597.1,39.9,4.0
ORD-10986,2023-04-21,CUST-919,East,Mid-Market,Direct Sales,Hardware,Hardware Terminal,826.75,4,10.0,2976.3,1700.0,1276.3,42.9,2.0
ORD-10987,2024-04-20,CUST-620,West,Mid-Market,Partner Reseller,Software,Standard Plus,467.74,4,0.0,1870.96,900.0,970.96,51.9,4.0
ORD-10988,2023-11-17,CUST-913,North,Mid-Market,Inside Sales,Software,Standard Plus,437.4,3,0.0,1312.19,675.0,637.19,48.6,5.0
ORD-10989,2024-04-24,CUST-562,Central,Enterprise,Online Store,Hardware,Hardware Terminal,843.59,4,0.0,3374.38,1700.0,1674.38,49.6,3.0
ORD-10990,2024-02-12,CUST-329,Central,Enterprise,Direct Sales,Software,Standard Plus,453.48,6,10.0,2448.78,1350.0,1098.78,44.9,4.0
ORD-10991,2023-09-14,CUST-186,South,Consumer,Inside Sales,Software,Enterprise Pro,1500.0,1,10.0,1350.0,660.0,690.0,51.1,1.0
ORD-10992,2024-05-03,CUST-582,North,Mid-Market,Partner Reseller,Software,Standard Plus,463.08,10,0.0,4630.8,2250.0,2380.8,51.4,4.0
ORD-10993,2023-08-22,CUST-211,South,Small Business,Partner Reseller,Software,Standard Plus,455.8,5,0.0,2278.99,1125.0,1153.99,50.6,5.0
ORD-10994,2024-06-10,CUST-492,Central,Small Business,Online Store,Supplies,Accessories Kit,61.99,2,20.0,99.18,65.0,34.18,34.5,4.0
ORD-10995,2023-11-30,CUST-985,South,Mid-Market,Inside Sales,Software,Standard Plus,435.35,1,10.0,391.81,225.0,166.81,42.6,4.0
ORD-10996,2023-07-05,CUST-326,South,Small Business,Partner Reseller,Software,Standard Plus,451.69,4,10.0,1626.07,900.0,726.07,44.7,3.0
ORD-10997,2023-04-28,CUST-822,Central,Small Business,Partner Reseller,Software,Enterprise Pro,1173.49,8,10.0,8449.11,4800.0,3649.11,43.2,3.0
ORD-10998,2023-03-12,CUST-645,North,Mid-Market,Inside Sales,Software,Starter Lite,145.66,5,10.0,655.47,375.0,280.47,42.8,3.0
ORD-10999,2024-03-02,CUST-408,West,Small Business,Partner Reseller,Supplies,Accessories Kit,67.48,7,10.0,425.15,227.5,197.65,46.5,4.0
ORD-11000,2023-02-21,CUST-311,East,Small Business,Online Store,Software,Standard Plus,448.02,5,5.0,2128.11,1125.0,1003.11,47.1,1.0
ORD-11001,2023-03-19,CUST-808,South,Small Business,Direct Sales,Software,Standard Plus,438.97,5,15.0,1865.62,1125.0,740.62,39.7,5.0
ORD-11002,2023-08-04,CUST-680,West,Mid-Market,Online Store,Software,Standard Plus,429.71,4,5.0,1632.89,900.0,732.89,44.9,2.0
ORD-11003,2024-01-23,CUST-915,South,Consumer,Partner Reseller,Software,Standard Plus,452.61,2,0.0,905.22,450.0,455.22,50.3,3.0
ORD-11004,2024-06-26,CUST-328,North,Small Business,Online Store,Hardware,Hardware Terminal,885.46,6,10.0,4781.5,2550.0,2231.5,46.7,5.0
ORD-11005,2024-01-30,CUST-141,South,Small Business,Direct Sales,Software,Starter Lite,148.53,9,0.0,1336.76,675.0,661.76,49.5,4.0
ORD-11006,2023-10-06,CUST-462,South,Consumer,Inside Sales,Hardware,Hardware Terminal,858.47,10,10.0,7726.26,4250.0,3476.26,45.0,4.0
ORD-11007,2024-05-25,CUST-480,North,Enterprise,Inside Sales,Software,Standard Plus,440.27,2,0.0,880.55,450.0,430.55,48.9,2.0
ORD-11008,2023-03-18,CUST-931,North,Enterprise,Inside Sales,Software,Starter Lite,145.67,2,0.0,291.35,150.0,141.35,48.5,3.0
ORD-11009,2023-07-14,CUST-637,West,Small Business,Online Store,Software,Standard Plus,453.43,9,0.0,4080.88,2025.0,2055.88,50.4,5.0
ORD-11010,2023-06-11,CUST-929,West,Mid-Market,Partner Reseller,Software,Standard Plus,449.49,5,5.0,2135.08,1125.0,1010.08,47.3,2.0
ORD-11011,2023-02-26,CUST-172,East,Mid-Market,Partner Reseller,Software,Starter Lite,150.78,2,0.0,301.56,150.0,151.56,50.3,5.0
ORD-11012,2023-09-11,CUST-866,North,Enterprise,Direct Sales,Supplies,Accessories Kit,66.12,2,15.0,112.41,65.0,47.41,42.2,4.0
ORD-11013,2023-10-05,CUST-963,West,Small Business,Direct Sales,Software,Standard Plus,447.56,7,0.0,3132.91,1575.0,1557.91,49.7,3.0
ORD-11014,2023-06-30,CUST-783,North,Consumer,Online Store,Software,Standard Plus,471.16,6,10.0,2544.25,1350.0,1194.25,46.9,5.0
ORD-11015,2024-02-05,CUST-486,North,Small Business,Direct Sales,Software,Enterprise Pro,1175.6,11,5.0,12285.07,6600.0,5685.07,46.3,4.0
ORD-11016,2024-01-29,CUST-750,West,Small Business,Inside Sales,Software,Enterprise Pro,1229.97,2,5.0,2336.94,1200.0,1136.94,48.7,2.0
ORD-11017,2023-03-02,CUST-689,North,Enterprise,Partner Reseller,Software,Enterprise Pro,1143.46,6,5.0,6517.7,3600.0,2917.7,44.8,4.0
ORD-11018,2023-11-24,CUST-460,West,Mid-Market,Online Store,Software,Enterprise Pro,1174.67,8,0.0,9397.4,4800.0,4597.4,48.9,3.0
ORD-11019,2023-07-30,CUST-155,Central,Enterprise,Inside Sales,Software,Standard Plus,443.21,11,0.0,4875.3,2475.0,2400.3,49.2,3.0
ORD-11020,2023-07-23,CUST-651,North,Small Business,Inside Sales,Software,Starter Lite,157.43,3,0.0,472.3,225.0,247.3,52.4,4.0
ORD-11021,2023-08-18,CUST-910,South,Small Business,Inside Sales,Software,Standard Plus,449.52,4,5.0,1708.18,900.0,808.18,47.3,5.0
ORD-11022,2023-12-21,CUST-969,West,Mid-Market,Direct Sales,Software,Starter Lite,143.27,9,5.0,1224.99,675.0,549.99,44.9,5.0
ORD-11023,2023-04-21,CUST-281,North,Enterprise,Direct Sales,Software,Enterprise Pro,1211.3,11,15.0,11325.62,6600.0,4725.62,41.7,4.0
ORD-11024,2023-08-27,CUST-426,West,Enterprise,Partner Reseller,Software,Starter Lite,143.1,6,5.0,815.69,450.0,365.69,44.8,5.0
ORD-11025,2023-10-08,CUST-238,South,Mid-Market,Direct Sales,Hardware,Hardware Terminal,844.19,5,10.0,3798.84,2125.0,1673.84,44.1,5.0
ORD-11026,2023-05-02,CUST-879,West,Mid-Market,Partner Reseller,Software,Starter Lite,148.29,2,10.0,266.92,150.0,116.92,43.8,5.0
ORD-11027,2023-01-01,CUST-709,North,Enterprise,Inside Sales,Software,Enterprise Pro,1156.74,3,10.0,3123.19,1800.0,1323.19,42.4,4.0
ORD-11028,2024-05-24,CUST-979,South,Small Business,Partner Reseller,Supplies,Accessories Kit,62.17,1,10.0,55.96,32.5,23.46,41.9,5.0
ORD-11029,2023-03-06,CUST-748,North,Small Business,Partner Reseller,Software,Standard Plus,467.34,6,5.0,2663.86,1350.0,1313.86,49.3,4.0
ORD-11030,2024-04-29,CUST-736,East,Small Business,Partner Reseller,Software,Starter Lite,155.67,1,10.0,140.1,75.0,65.1,46.5,2.0
ORD-11031,2023-04-26,CUST-550,North,Small Business,Partner Reseller,Software,Starter Lite,149.11,6,15.0,760.48,450.0,310.48,40.8,5.0
ORD-11032,2024-06-01,CUST-338,West,Enterprise,Inside Sales,Software,Standard Plus,434.27,5,5.0,2062.76,1125.0,937.76,45.5,4.0
ORD-11033,2023-11-13,CUST-518,South,Mid-Market,Online Store,Software,Enterprise Pro,1500.0,1,0.0,1500.0,660.0,840.0,56.0,5.0
ORD-11034,2023-11-21,CUST-797,East,Enterprise,Partner Reseller,Software,Standard Plus,461.72,10,20.0,3693.78,2250.0,1443.78,39.1,4.0
ORD-11035,2023-02-01,CUST-643,North,Mid-Market,Direct Sales,Hardware,Hardware Terminal,833.35,8,0.0,6666.77,3400.0,3266.77,49.0,1.0
ORD-11036,2023-11-23,CUST-564,North,Enterprise,Inside Sales,Software,Starter Lite,143.07,2,15.0,243.22,150.0,93.22,38.3,4.0
ORD-11037,2023-09-15,CUST-150,West,Enterprise,Online Store,Software,Starter Lite,151.65,4,0.0,606.59,300.0,306.59,50.5,4.0
ORD-11038,2023-04-22,CUST-777,West,Consumer,Online Store,Software,Starter Lite,142.63,4,5.0,542.01,300.0,242.01,44.7,4.0
ORD-11039,2024-06-07,CUST-609,North,Mid-Market,Partner Reseller,Software,Standard Plus,446.6,7,0.0,3126.2,1575.0,1551.2,49.6,3.0
ORD-11040,2023-06-19,CUST-165,South,Consumer,Inside Sales,Software,Standard Plus,466.22,4,20.0,1491.9,900.0,591.9,39.7,4.0
ORD-11041,2023-05-13,CUST-571,North,Small Business,Online Store,Software,Starter Lite,154.0,7,0.0,1078.01,525.0,553.01,51.3,4.0
ORD-11042,2023-08-22,CUST-791,East,Small Business,Direct Sales,Software,Standard Plus,452.78,3,15.0,1154.59,675.0,479.59,41.5,1.0
ORD-11043,2024-06-18,CUST-936,North,Enterprise,Direct Sales,Software,Standard Plus,438.5,3,0.0,1315.5,675.0,640.5,48.7,4.0
ORD-11044,2023-09-18,CUST-618,West,Small Business,Inside Sales,Supplies,Accessories Kit,64.79,4,5.0,246.22,130.0,116.22,47.2,5.0
ORD-11045,2023-05-16,CUST-611,Central,Consumer,Partner Reseller,Software,Starter Lite,144.81,3,0.0,434.43,225.0,209.43,48.2,5.0
ORD-11046,2023-06-14,CUST-304,South,Mid-Market,Direct Sales,Software,Standard Plus,449.46,6,0.0,2696.75,1350.0,1346.75,49.9,5.0
ORD-11047,2024-03-24,CUST-835,East,Consumer,Direct Sales,Software,Standard Plus,435.33,7,15.0,2590.18,1575.0,1015.18,39.2,4.0
ORD-11048,2023-01-01,CUST-460,Central,Consumer,Online Store,Software,Starter Lite,143.43,4,5.0,545.03,300.0,245.03,45.0,4.0
ORD-11049,2023-11-16,CUST-501,East,Consumer,Partner Reseller,Software,Enterprise Pro,1160.17,7,0.0,8121.2,4200.0,3921.2,48.3,3.0
ORD-11050,2023-10-01,CUST-331,East,Mid-Market,Online Store,Software,Enterprise Pro,1241.72,4,20.0,3973.5,2400.0,1573.5,39.6,4.0
ORD-11051,2024-04-02,CUST-163,Central,Small Business,Inside Sales,Software,Starter Lite,146.58,5,15.0,622.95,375.0,247.95,39.8,5.0
ORD-11052,2023-10-06,CUST-563,West,Small Business,Inside Sales,Software,Standard Plus,471.46,4,0.0,1885.85,900.0,985.85,52.3,2.0
ORD-11053,2023-06-12,CUST-905,South,Consumer,Direct Sales,Software,Standard Plus,456.9,2,0.0,913.79,450.0,463.79,50.8,4.0
ORD-11054,2023-08-03,CUST-515,East,Mid-Market,Direct Sales,Software,Standard Plus,464.51,10,0.0,4645.06,2250.0,2395.06,51.6,4.0
ORD-11055,2023-05-30,CUST-947,South,Small Business,Online Store,Hardware,Hardware Terminal,853.27,7,10.0,5375.6,2975.0,2400.6,44.7,3.0
ORD-11056,2023-03-24,CUST-484,South,Consumer,Inside Sales,Software,Standard Plus,452.47,2,5.0,859.7,450.0,409.7,47.7,5.0
ORD-11057,2023-10-22,CUST-927,South,Small Business,Partner Reseller,Software,Enterprise Pro,1500.0,1,0.0,1500.0,660.0,840.0,56.0,4.0
ORD-11058,2023-08-16,CUST-687,Central,Small Business,Partner Reseller,Software,Standard Plus,468.98,5,0.0,2344.92,1125.0,1219.92,52.0,3.0
ORD-11059,2023-03-15,CUST-878,East,Mid-Market,Direct Sales,Software,Standard Plus,445.89,3,5.0,1270.79,675.0,595.79,46.9,2.0
ORD-11060,2024-03-31,CUST-122,South,Enterprise,Inside Sales,Software,Starter Lite,152.98,7,0.0,1070.85,525.0,545.85,51.0,3.0
ORD-11061,2024-01-05,CUST-883,Central,Enterprise,Online Store,Software,Enterprise Pro,1191.69,4,0.0,4766.77,2400.0,2366.77,49.7,4.0
ORD-11062,2023-10-04,CUST-425,Central,Consumer,Partner Reseller,Software,Standard Plus,451.21,4,5.0,1714.58,900.0,814.58,47.5,4.0
ORD-11063,2023-03-21,CUST-706,West,Mid-Market,Direct Sales,Software,Standard Plus,443.39,2,15.0,753.77,450.0,303.77,40.3,4.0
ORD-11064,2023-04-20,CUST-998,North,Consumer,Partner Reseller,Software,Starter Lite,149.7,3,5.0,426.63,225.0,201.63,47.3,5.0
ORD-11065,2024-01-06,CUST-270,East,Enterprise,Online Store,Software,Standard Plus,455.83,5,10.0,2051.24,1125.0,926.24,45.2,4.0
ORD-11066,2024-05-17,CUST-528,West,Enterprise,Partner Reseller,Software,Standard Plus,429.21,5,15.0,1824.12,1125.0,699.12,38.3,4.0
ORD-11067,2023-03-27,CUST-161,Central,Mid-Market,Partner Reseller,Software,Standard Plus,463.24,8,0.0,3705.94,1800.0,1905.94,51.4,5.0
ORD-11068,2023-12-06,CUST-372,East,Consumer,Direct Sales,Software,Standard Plus,442.74,8,10.0,3187.7,1800.0,1387.7,43.5,3.0
ORD-11069,2023-02-21,CUST-578,North,Small Business,Direct Sales,Software,Standard Plus,458.26,9,0.0,4124.3,2025.0,2099.3,50.9,4.0
ORD-11070,2023-07-28,CUST-639,South,Enterprise,Direct Sales,Software,Starter Lite,150.4,5,0.0,751.99,375.0,376.99,50.1,3.0
ORD-11071,2024-02-21,CUST-603,North,Mid-Market,Online Store,Hardware,Hardware Terminal,856.73,2,10.0,1542.12,850.0,692.12,44.9,4.0
ORD-11072,2023-08-08,CUST-629,Central,Mid-Market,Inside Sales,Software,Standard Plus,430.59,3,10.0,1162.59,675.0,487.59,41.9,4.0
ORD-11073,2023-04-03,CUST-434,Central,Enterprise,Online Store,Software,Standard Plus,430.62,5,0.0,2153.1,1125.0,1028.1,47.7,3.0
ORD-11074,2023-11-23,CUST-577,Central,Small Business,Direct Sales,Software,Standard Plus,469.61,8,10.0,3381.2,1800.0,1581.2,46.8,4.0
ORD-11075,2024-05-22,CUST-410,South,Mid-Market,Online Store,Software,Enterprise Pro,1500.0,5,0.0,7500.0,3300.0,4200.0,56.0,3.0
ORD-11076,2023-09-28,CUST-954,Central,Small Business,Inside Sales,Supplies,Accessories Kit,65.46,3,20.0,157.11,97.5,59.61,37.9,3.0
ORD-11077,2023-01-21,CUST-260,South,Small Business,Direct Sales,Software,Starter Lite,150.03,7,0.0,1050.23,525.0,525.23,50.0,5.0
ORD-11078,2024-03-02,CUST-252,West,Consumer,Direct Sales,Software,Standard Plus,452.01,2,0.0,904.01,450.0,454.01,50.2,3.0
ORD-11079,2023-08-27,CUST-390,South,Mid-Market,Online Store,Software,Standard Plus,461.62,9,0.0,4154.61,2025.0,2129.61,51.3,4.0
ORD-11080,2024-04-02,CUST-214,North,Mid-Market,Inside Sales,Software,Starter Lite,156.87,6,15.0,800.03,450.0,350.03,43.8,5.0
ORD-11081,2024-02-24,CUST-141,Central,Consumer,Direct Sales,Software,Standard Plus,451.93,7,10.0,2847.19,1575.0,1272.19,44.7,4.0
ORD-11082,2023-01-10,CUST-410,South,Consumer,Partner Reseller,Software,Starter Lite,155.67,4,10.0,560.4,300.0,260.4,46.5,5.0
ORD-11083,2023-08-15,CUST-167,North,Small Business,Direct Sales,Software,Starter Lite,153.64,6,0.0,921.85,450.0,471.85,51.2,3.0
ORD-11084,2023-04-17,CUST-272,East,Enterprise,Online Store,Hardware,Hardware Terminal,816.0,2,0.0,1632.0,850.0,782.0,47.9,4.0
ORD-11085,2024-06-28,CUST-757,East,Consumer,Inside Sales,Software,Enterprise Pro,1173.4,3,5.0,3344.19,1800.0,1544.19,46.2,3.0
ORD-11086,2023-01-16,CUST-466,North,Small Business,Inside Sales,Hardware,Hardware Terminal,876.14,2,0.0,1752.27,850.0,902.27,51.5,3.0
ORD-11087,2024-05-02,CUST-646,East,Enterprise,Online Store,Software,Standard Plus,448.46,5,5.0,2130.21,1125.0,1005.21,47.2,2.0
ORD-11088,2023-01-26,CUST-704,West,Mid-Market,Inside Sales,Software,Standard Plus,437.25,5,5.0,2076.94,1125.0,951.94,45.8,5.0
ORD-11089,2023-11-21,CUST-970,Central,Small Business,Direct Sales,Software,Enterprise Pro,1217.06,3,5.0,3468.63,1800.0,1668.63,48.1,5.0
ORD-11090,2023-04-13,CUST-605,West,Mid-Market,Online Store,Software,Starter Lite,142.91,2,15.0,242.95,150.0,92.95,38.3,3.0
ORD-11091,2023-01-14,CUST-648,West,Consumer,Direct Sales,Software,Starter Lite,143.39,3,15.0,365.66,225.0,140.66,38.5,4.0
ORD-11092,2023-06-18,CUST-502,Central,Mid-Market,Inside Sales,Supplies,Accessories Kit,62.57,7,5.0,416.07,227.5,188.57,45.3,4.0
ORD-11093,2023-07-24,CUST-903,South,Mid-Market,Partner Reseller,Hardware,Hardware Terminal,832.11,5,0.0,4160.56,2125.0,2035.56,48.9,4.0
ORD-11094,2023-08-12,CUST-486,North,Small Business,Inside Sales,Software,Enterprise Pro,1232.26,2,0.0,2464.53,1200.0,1264.53,51.3,5.0
ORD-11095,2024-01-18,CUST-460,North,Mid-Market,Partner Reseller,Software,Starter Lite,145.38,7,0.0,1017.66,525.0,492.66,48.4,4.0
ORD-11096,2023-04-29,CUST-887,West,Enterprise,Direct Sales,Software,Enterprise Pro,1163.1,5,15.0,4943.16,3000.0,1943.16,39.3,3.0
ORD-11097,2024-01-16,CUST-390,West,Consumer,Online Store,Software,Standard Plus,464.85,2,0.0,929.69,450.0,479.69,51.6,5.0
ORD-11098,2023-02-12,CUST-206,East,Mid-Market,Inside Sales,Supplies,Accessories Kit,67.01,10,20.0,536.1,325.0,211.1,39.4,5.0
ORD-11099,2023-06-29,CUST-892,North,Enterprise,Direct Sales,Software,Standard Plus,465.22,7,5.0,3093.72,1575.0,1518.72,49.1,5.0
ORD-11100,2023-02-13,CUST-197,North,Small Business,Online Store,Software,Enterprise Pro,1213.0,1,0.0,1213.0,600.0,613.0,50.5,4.0
ORD-11101,2023-07-17,CUST-785,East,Mid-Market,Direct Sales,Software,Enterprise Pro,1234.27,14,20.0,13823.85,8400.0,5423.85,39.2,5.0
ORD-11102,2023-11-21,CUST-518,East,Consumer,Inside Sales,Software,Standard Plus,442.62,6,5.0,2522.92,1350.0,1172.92,46.5,4.0
ORD-11103,2023-04-21,CUST-233,East,Mid-Market,Inside Sales,Software,Standard Plus,467.66,5,0.0,2338.32,1125.0,1213.32,51.9,3.0
ORD-11104,2024-01-26,CUST-975,East,Mid-Market,Partner Reseller,Software,Standard Plus,439.58,5,0.0,2197.89,1125.0,1072.89,48.8,4.0
ORD-11105,2023-07-02,CUST-292,West,Mid-Market,Partner Reseller,Software,Standard Plus,471.34,2,0.0,942.68,450.0,492.68,52.3,4.0
ORD-11106,2023-10-25,CUST-358,East,Consumer,Inside Sales,Software,Starter Lite,151.08,6,20.0,725.18,450.0,275.18,37.9,5.0
ORD-11107,2024-04-09,CUST-579,Central,Enterprise,Direct Sales,Software,Standard Plus,458.7,8,0.0,3669.61,1800.0,1869.61,50.9,5.0
ORD-11108,2023-01-09,CUST-545,Central,Mid-Market,Inside Sales,Software,Starter Lite,150.79,4,0.0,603.18,300.0,303.18,50.3,3.0
ORD-11109,2023-03-15,CUST-746,West,Small Business,Partner Reseller,Software,Starter Lite,150.48,6,0.0,902.89,450.0,452.89,50.2,4.0
ORD-11110,2023-07-21,CUST-596,Central,Small Business,Partner Reseller,Software,Standard Plus,443.24,2,0.0,886.49,450.0,436.49,49.2,5.0
ORD-11111,2023-11-02,CUST-915,South,Small Business,Partner Reseller,Software,Enterprise Pro,1500.0,1,5.0,1425.0,660.0,765.0,53.7,5.0
ORD-11112,2023-11-01,CUST-166,Central,Small Business,Direct Sales,Software,Starter Lite,147.39,9,0.0,1326.48,675.0,651.48,49.1,5.0
ORD-11113,2023-11-26,CUST-895,North,Consumer,Inside Sales,Software,Enterprise Pro,1221.55,4,20.0,3908.95,2400.0,1508.95,38.6,4.0
ORD-11114,2023-04-14,CUST-918,South,Small Business,Inside Sales,Software,Standard Plus,451.2,6,20.0,2165.74,1350.0,815.74,37.7,3.0
ORD-11115,2023-11-04,CUST-556,South,Small Business,Inside Sales,Software,Standard Plus,442.95,6,5.0,2524.8,1350.0,1174.8,46.5,4.0
ORD-11116,2024-04-23,CUST-468,East,Mid-Market,Inside Sales,Software,Standard Plus,454.02,5,0.0,2270.1,1125.0,1145.1,50.4,5.0
ORD-11117,2023-08-20,CUST-813,West,Mid-Market,Direct Sales,Software,Standard Plus,458.58,3,15.0,1169.37,675.0,494.37,42.3,4.0
ORD-11118,2023-08-05,CUST-975,West,Consumer,Direct Sales,Software,Standard Plus,450.65,6,20.0,2163.14,1350.0,813.14,37.6,2.0
ORD-11119,2023-07-20,CUST-768,East,Mid-Market,Inside Sales,Software,Enterprise Pro,1229.31,5,0.0,6146.57,3000.0,3146.57,51.2,5.0
ORD-11120,2023-09-22,CUST-362,West,Enterprise,Inside Sales,Software,Standard Plus,441.23,9,0.0,3971.09,2025.0,1946.09,49.0,4.0
ORD-11121,2023-06-23,CUST-363,Central,Enterprise,Partner Reseller,Software,Starter Lite,145.0,5,0.0,725.02,375.0,350.02,48.3,4.0
ORD-11122,2023-03-24,CUST-485,West,Small Business,Online Store,Hardware,Hardware Terminal,808.58,6,15.0,4123.77,2550.0,1573.77,38.2,4.0
ORD-11123,2024-05-09,CUST-555,West,Mid-Market,Inside Sales,Software,Enterprise Pro,1145.31,5,0.0,5726.55,3000.0,2726.55,47.6,4.0
ORD-11124,2024-03-09,CUST-838,West,Small Business,Direct Sales,Software,Starter Lite,156.4,9,10.0,1266.85,675.0,591.85,46.7,4.0
ORD-11125,2023-04-22,CUST-527,South,Consumer,Inside Sales,Software,Starter Lite,155.42,4,5.0,590.58,300.0,290.58,49.2,3.0
ORD-11126,2023-01-01,CUST-906,West,Mid-Market,Direct Sales,Software,Standard Plus,429.18,6,0.0,2575.08,1350.0,1225.08,47.6,5.0
ORD-11127,2023-04-21,CUST-787,North,Enterprise,Partner Reseller,Software,Enterprise Pro,1198.79,3,20.0,2877.09,1800.0,1077.09,37.4,4.0
ORD-11128,2023-03-25,CUST-514,East,Small Business,Partner Reseller,Software,Enterprise Pro,1238.4,9,0.0,11145.63,5400.0,5745.63,51.6,1.0
ORD-11129,2023-11-22,CUST-987,West,Consumer,Inside Sales,Hardware,Hardware Terminal,817.86,7,0.0,5724.99,2975.0,2749.99,48.0,4.0
ORD-11130,2023-10-04,CUST-953,South,Mid-Market,Partner Reseller,Software,Enterprise Pro,1500.0,1,5.0,1425.0,660.0,765.0,53.7,5.0
ORD-11131,2024-01-06,CUST-133,East,Mid-Market,Partner Reseller,Supplies,Accessories Kit,67.48,1,0.0,67.48,32.5,34.98,51.8,1.0
ORD-11132,2024-06-15,CUST-305,South,Mid-Market,Online Store,Software,Starter Lite,148.58,6,0.0,891.48,450.0,441.48,49.5,3.0
ORD-11133,2023-09-21,CUST-315,South,Small Business,Direct Sales,Software,Standard Plus,430.23,9,0.0,3872.05,2025.0,1847.05,47.7,2.0
ORD-11134,2024-03-08,CUST-110,East,Mid-Market,Partner Reseller,Hardware,Hardware Terminal,866.9,8,20.0,5548.17,3400.0,2148.17,38.7,5.0
ORD-11135,2024-06-07,CUST-625,East,Mid-Market,Partner Reseller,Software,Starter Lite,145.99,4,10.0,525.57,300.0,225.57,42.9,4.0
ORD-11136,2023-10-31,CUST-222,East,Small Business,Partner Reseller,Software,Enterprise Pro,1195.03,6,0.0,7170.16,3600.0,3570.16,49.8,3.0
ORD-11137,2023-04-06,CUST-367,North,Consumer,Online Store,Software,Starter Lite,149.02,4,0.0,596.1,300.0,296.1,49.7,2.0
ORD-11138,2023-01-12,CUST-543,West,Mid-Market,Inside Sales,Hardware,Hardware Terminal,838.46,8,10.0,6036.91,3400.0,2636.91,43.7,4.0
ORD-11139,2023-05-03,CUST-560,West,Small Business,Online Store,Software,Starter Lite,156.02,5,0.0,780.12,375.0,405.12,51.9,4.0
ORD-11140,2024-02-15,CUST-485,North,Mid-Market,Inside Sales,Software,Enterprise Pro,1193.3,4,0.0,4773.2,2400.0,2373.2,49.7,3.0
ORD-11141,2023-07-13,CUST-213,North,Mid-Market,Partner Reseller,Supplies,Accessories Kit,62.94,7,0.0,440.55,227.5,213.05,48.4,5.0
ORD-11142,2023-06-16,CUST-820,North,Consumer,Online Store,Software,Enterprise Pro,1148.8,5,0.0,5743.99,3000.0,2743.99,47.8,3.0
ORD-11143,2024-02-05,CUST-840,South,Mid-Market,Online Store,Software,Standard Plus,450.01,4,0.0,1800.05,900.0,900.05,50.0,5.0
ORD-11144,2023-05-05,CUST-925,West,Enterprise,Inside Sales,Software,Standard Plus,439.42,2,0.0,878.84,450.0,428.84,48.8,3.0
ORD-11145,2023-09-10,CUST-361,North,Enterprise,Direct Sales,Supplies,Accessories Kit,65.55,3,0.0,196.65,97.5,99.15,50.4,4.0
ORD-11146,2024-06-18,CUST-252,East,Small Business,Inside Sales,Hardware,Hardware Terminal,891.06,4,0.0,3564.23,1700.0,1864.23,52.3,1.0
ORD-11147,2023-08-07,CUST-470,North,Mid-Market,Online Store,Software,Standard Plus,435.27,2,0.0,870.54,450.0,420.54,48.3,3.0
ORD-11148,2023-01-28,CUST-344,South,Small Business,Online Store,Software,Standard Plus,469.61,2,0.0,939.22,450.0,489.22,52.1,5.0
ORD-11149,2023-11-29,CUST-848,North,Mid-Market,Direct Sales,Software,Standard Plus,471.62,2,15.0,801.75,450.0,351.75,43.9,5.0
ORD-11150,2024-01-21,CUST-653,East,Small Business,Direct Sales,Software,Standard Plus,429.05,5,10.0,1930.71,1125.0,805.71,41.7,4.0
ORD-11151,2023-11-24,CUST-870,East,Enterprise,Inside Sales,Hardware,Hardware Terminal,868.34,6,10.0,4689.03,2550.0,2139.03,45.6,4.0
ORD-11152,2024-01-28,CUST-846,South,Small Business,Online Store,Supplies,Accessories Kit,63.02,9,0.0,567.15,292.5,274.65,48.4,2.0
ORD-11153,2024-05-14,CUST-789,Central,Small Business,Partner Reseller,Software,Starter Lite,149.12,8,20.0,954.35,600.0,354.35,37.1,5.0
ORD-11154,2024-01-09,CUST-972,West,Mid-Market,Inside Sales,Software,Enterprise Pro,1186.87,7,5.0,7892.67,4200.0,3692.67,46.8,2.0
ORD-11155,2023-12-15,CUST-927,North,Mid-Market,Inside Sales,Hardware,Hardware Terminal,869.13,7,0.0,6083.88,2975.0,3108.88,51.1,1.0
ORD-11156,2024-06-20,CUST-297,Central,Small Business,Inside Sales,Software,Standard Plus,458.48,2,0.0,916.97,450.0,466.97,50.9,2.0
ORD-11157,2024-01-06,CUST-168,South,Consumer,Online Store,Software,Starter Lite,144.66,6,15.0,737.77,450.0,287.77,39.0,5.0
ORD-11158,2023-07-10,CUST-192,West,Consumer,Direct Sales,Software,Starter Lite,150.42,8,5.0,1143.18,600.0,543.18,47.5,4.0
ORD-11159,2023-10-13,CUST-976,East,Small Business,Partner Reseller,Software,Enterprise Pro,1196.35,7,5.0,7955.7,4200.0,3755.7,47.2,4.0
ORD-11160,2024-04-09,CUST-724,South,Small Business,Direct Sales,Software,Standard Plus,434.66,6,0.0,2607.94,1350.0,1257.94,48.2,4.0
ORD-11161,2024-02-12,CUST-491,Central,Enterprise,Partner Reseller,Software,Standard Plus,467.73,4,5.0,1777.39,900.0,877.39,49.4,5.0
ORD-11162,2023-12-18,CUST-698,North,Small Business,Inside Sales,Hardware,Hardware Terminal,840.95,5,5.0,3994.5,2125.0,1869.5,46.8,2.0
ORD-11163,2023-12-28,CUST-483,North,Small Business,Inside Sales,Software,Starter Lite,148.78,3,0.0,446.33,225.0,221.33,49.6,5.0
ORD-11164,2023-10-04,CUST-791,South,Small Business,Inside Sales,Software,Enterprise Pro,1500.0,3,0.0,4500.0,1980.0,2520.0,56.0,5.0
ORD-11165,2024-05-16,CUST-369,South,Small Business,Partner Reseller,Software,Enterprise Pro,1500.0,2,0.0,3000.0,1320.0,1680.0,56.0,1.0
ORD-11166,2024-04-24,CUST-907,Central,Small Business,Inside Sales,Software,Starter Lite,150.88,4,0.0,603.53,300.0,303.53,50.3,3.0
ORD-11167,2023-02-11,CUST-649,South,Mid-Market,Direct Sales,Software,Starter Lite,151.54,3,5.0,431.89,225.0,206.89,47.9,2.0
ORD-11168,2024-04-22,CUST-101,Central,Small Business,Direct Sales,Software,Starter Lite,156.05,3,0.0,468.14,225.0,243.14,51.9,2.0
ORD-11169,2023-01-02,CUST-459,Central,Mid-Market,Inside Sales,Software,Starter Lite,147.04,6,10.0,794.02,450.0,344.02,43.3,3.0
ORD-11170,2023-08-02,CUST-956,South,Consumer,Direct Sales,Software,Enterprise Pro,1146.2,3,0.0,3438.59,1800.0,1638.59,47.7,5.0
ORD-11171,2023-02-12,CUST-624,West,Small Business,Inside Sales,Software,Standard Plus,460.56,7,15.0,2740.33,1575.0,1165.33,42.5,5.0
ORD-11172,2023-11-15,CUST-963,West,Mid-Market,Partner Reseller,Software,Enterprise Pro,1238.05,11,15.0,11575.76,6600.0,4975.76,43.0,5.0
ORD-11173,2024-06-27,CUST-506,South,Consumer,Partner Reseller,Software,Standard Plus,434.82,3,10.0,1174.01,675.0,499.01,42.5,5.0
ORD-11174,2024-05-16,CUST-534,North,Mid-Market,Direct Sales,Software,Starter Lite,150.03,3,5.0,427.6,225.0,202.6,47.4,4.0
ORD-11175,2023-05-01,CUST-583,North,Consumer,Direct Sales,Software,Starter Lite,146.92,7,0.0,1028.41,525.0,503.41,49.0,4.0
ORD-11176,2023-04-18,CUST-679,North,Mid-Market,Online Store,Software,Starter Lite,153.48,2,0.0,306.95,150.0,156.95,51.1,5.0
ORD-11177,2024-03-22,CUST-262,South,Mid-Market,Inside Sales,Software,Starter Lite,152.48,1,0.0,152.48,75.0,77.48,50.8,4.0
ORD-11178,2023-11-28,CUST-270,East,Enterprise,Partner Reseller,Supplies,Accessories Kit,64.08,3,0.0,192.24,97.5,94.74,49.3,5.0
ORD-11179,2023-05-10,CUST-744,South,Mid-Market,Partner Reseller,Hardware,Hardware Terminal,820.65,5,0.0,4103.24,2125.0,1978.24,48.2,4.0
ORD-11180,2023-03-07,CUST-632,Central,Small Business,Online Store,Software,Enterprise Pro,1241.39,7,0.0,8689.76,4200.0,4489.76,51.7,4.0
ORD-11181,2023-09-01,CUST-387,South,Mid-Market,Inside Sales,Supplies,Accessories Kit,64.98,6,5.0,370.36,195.0,175.36,47.3,5.0
ORD-11182,2024-06-08,CUST-940,South,Mid-Market,Online Store,Software,Starter Lite,153.22,6,5.0,873.36,450.0,423.36,48.5,4.0
ORD-11183,2023-10-29,CUST-701,South,Mid-Market,Inside Sales,Software,Starter Lite,143.56,9,5.0,1227.47,675.0,552.47,45.0,4.0
ORD-11184,2023-03-30,CUST-628,South,Enterprise,Inside Sales,Software,Enterprise Pro,1234.19,4,15.0,4196.24,2400.0,1796.24,42.8,2.0
ORD-11185,2023-12-20,CUST-950,West,Enterprise,Partner Reseller,Software,Standard Plus,449.17,4,0.0,1796.67,900.0,896.67,49.9,3.0
ORD-11186,2023-10-31,CUST-534,North,Small Business,Online Store,Software,Standard Plus,465.45,1,10.0,418.9,225.0,193.9,46.3,4.0
ORD-11187,2023-07-06,CUST-706,East,Mid-Market,Online Store,Supplies,Accessories Kit,62.83,7,0.0,439.79,227.5,212.29,48.3,4.0
ORD-11188,2023-01-25,CUST-494,North,Mid-Market,Direct Sales,Software,Standard Plus,468.25,5,0.0,2341.25,1125.0,1216.25,51.9,4.0
ORD-11189,2023-06-16,CUST-170,East,Mid-Market,Partner Reseller,Software,Starter Lite,154.31,6,5.0,879.55,450.0,429.55,48.8,5.0
ORD-11190,2024-03-13,CUST-946,South,Enterprise,Partner Reseller,Software,Starter Lite,157.11,5,15.0,667.7,375.0,292.7,43.8,4.0
ORD-11191,2023-12-08,CUST-540,South,Mid-Market,Inside Sales,Software,Standard Plus,434.69,4,10.0,1564.89,900.0,664.89,42.5,4.0
ORD-11192,2023-05-13,CUST-754,West,Mid-Market,Partner Reseller,Software,Enterprise Pro,1231.58,1,10.0,1108.42,600.0,508.42,45.9,5.0
ORD-11193,2024-05-27,CUST-554,Central,Small Business,Partner Reseller,Software,Starter Lite,147.04,5,0.0,735.18,375.0,360.18,49.0,5.0
ORD-11194,2023-02-26,CUST-800,East,Small Business,Partner Reseller,Software,Standard Plus,443.9,5,10.0,1997.55,1125.0,872.55,43.7,4.0
ORD-11195,2023-02-05,CUST-691,West,Small Business,Inside Sales,Software,Standard Plus,436.72,4,0.0,1746.88,900.0,846.88,48.5,3.0
ORD-11196,2024-05-04,CUST-791,East,Consumer,Partner Reseller,Software,Starter Lite,151.08,6,5.0,861.14,450.0,411.14,47.7,4.0
ORD-11197,2024-02-13,CUST-365,East,Mid-Market,Inside Sales,Hardware,Hardware Terminal,826.91,5,0.0,4134.53,2125.0,2009.53,48.6,4.0
ORD-11198,2023-08-15,CUST-154,Central,Small Business,Direct Sales,Software,Standard Plus,433.83,9,0.0,3904.43,2025.0,1879.43,48.1,4.0
ORD-11199,2023-03-18,CUST-270,East,Small Business,Partner Reseller,Software,Starter Lite,145.73,1,5.0,138.45,75.0,63.45,45.8,1.0
ORD-10010,2023-09-16,CUST-929,North,Mid-Market,Direct Sales,Software,Standard Plus,452.61,3,10.0,1222.06,675.0,547.06,44.8,4.0
ORD-10025,2024-03-22,CUST-849,South,Enterprise,Online Store,Software,Starter Lite,143.19,2,0.0,286.38,150.0,136.38,47.6,1.0
